"Component_File_Path","Kind","Module","Renders_Screen_Type","Key_Props","Purpose"
"src/components/AccessReviewCreateClient.tsx","CREATE","GRC / Access Review","kit ObjectScreen","(none)","/grc/access-review/new. Replaced GrcClient's 'Open an Access Review Cycle' Dialog with a real create screen."
"src/components/AccessReviewCycleObjectClient.tsx","OBJECT","GRC / Access Review","kit ObjectScreen","cycleId","/grc/access-review/[id]. Routed object page over the existing /api/access-review?cycleId= read; Confirm/Revoke stay real inline actions."
"src/components/AccountingClient.tsx","LIST","Accounting","none (bespoke)","initialTab","/accounting. 6-tab surface over VERIDIAN GL: finance dashboard, paginated General Ledger, trial balance / P&L / balance sheet, companies."
"src/components/ApplicationCreateClient.tsx","CREATE","Recruitment / Applications","kit ObjectScreen","(none)","/recruitment/applications/new. Both fields required and list-backed (R80 GAP-8). Replaced RecruitmentClient's dialog."
"src/components/ApplicationObjectClient.tsx","OBJECT","Recruitment / Applications","kit ObjectScreen","applicationId","/recruitment/applications/[id]. Replaced a 3-level Dialog nest; surfaces offerAmount on the 'offer' transition."
"src/components/AppSidebar.tsx","SHELL","App shell / navigation","none (kit shell)","middleColumnToggle","Left nav sections/items keyed into the i18n Nav namespace. Exports NavItem, NavSection, VISIBLE_NAV_SECTIONS, MobileSidebarTrigger."
"src/components/AppTopbar.tsx","SHELL","App shell","none (kit shell AppHeader)","sidebarCollapsed, onToggleSidebar","Top bar mounted once from (app)/layout as AppShellFrame's header; real Supabase sign-out, org email/name, notification slot."
"src/components/AsOfStamp.tsx","WIDGET","Shared / prefetch","n/a","at","Stamp on rows served from a speculative prefetch; renders nothing once the live read lands (asOf goes null)."
"src/components/AttendanceCreateClient.tsx","CREATE","Labour / Attendance","local CreateScreen","projectId, initialDate","/labour/attendance/new. Single-worker attendance; write-once row, dailyCost computed server-side from the roster rate."
"src/components/AttendanceSheetClient.tsx","LIST","Labour / Attendance","none (bespoke)","projectId, projectName, attendanceDate","/labour/attendance/[date]. Marks a whole roster in one save instead of one POST per worker."
"src/components/AttendanceSummaryPanel.tsx","WIDGET","Labour","none (bespoke)","projectId, date","Headcount and cost by trade for one date, rendered between the Manpower tab bar and the attendance table."
"src/components/AttendanceSummaryStrip.tsx","WIDGET","Labour","none (bespoke)","summary, errorMessage, currencyCode","'Who turned up today' strip above the Manpower tabs, in its own Suspense boundary. Also exports AttendanceSummaryStripSkeleton."
"src/components/AuditEngagementCreateClient.tsx","CREATE","GRC / Audits","kit ObjectScreen","(none)","/grc/audits/new plan-audit create screen. No object page: no getAuditEngagement/updateAuditEngagement server-side."
"src/components/AuditFindingCreateClient.tsx","CREATE","GRC / Findings","kit ObjectScreen","(none)","/grc/findings/new record-finding create screen. No object page: findings are only fetched nested inside an engagement."
"src/components/BoqCategoriesCard.tsx","WIDGET","Settings / BOQ categories","none (bespoke)","canEdit","Org-level BOQ category list, editable on /settings; the two real rules are enforced server-side, this card only surfaces them."
"src/components/BoqCategorySelect.tsx","FORM","Scope (BOQ)","n/a","value, categories, failed, onChange, onAddNew, showLabel, ariaLabel","Labelled Category control on a BOQ line row, shared by ScopeCreateClient and ScopeReviseClient. Exports useBoqCategories."
"src/components/BoqLineGrid.tsx","FORM","Scope (BOQ)","n/a","lines, categories, categoriesFailed, onUpdate, onAddCategory, onRemove, onAdd","The single BOQ line grid (visible headers, field messages, Remove wording, category select) used by both BOQ create and revise. Exports BOQ_GRID_HELP."
"src/components/BoqLinePicker.tsx","FORM","Scope (BOQ)","n/a","projectId, boqId, value, onChange, ariaLabel, className","Searchable BOQ-line picker replacing a flat native select of every line; distinguishes parent lines that cannot be recorded against."
"src/components/BudgetActualClient.tsx","LIST","Scope / Budget","none (bespoke)","projectId","Revenue | Budget | Actual | Variance | % used table with a scope-wise / category-wise toggle."
"src/components/BudgetAnalyticalClient.tsx","OTHER","Scope / Budget","kit AnalyticalScreen","projectId","Editable budget/vendor/variance analytical screen; replaced the read-only CostVarianceAnalyticalClient."
"src/components/BudgetCreateClient.tsx","CREATE","Finance / Budgets","local CreateScreen","initialLookups, veridianOrigin","/finance/budgets/new. Live VERIDIAN lookups plus honest blocked-reason copy when fiscal years / chart of accounts are unprovisioned."
"src/components/BudgetObjectClient.tsx","OBJECT","Finance / Budgets","kit ObjectScreen","budgetId","/finance/budgets/[id]. Line items, submit draft, Budget vs Actual; Delete maps to the real cancelBudget() lifecycle end-state."
"src/components/BudgetsClient.tsx","LIST","Finance / Budgets","kit ListScreen + ScreenFrame","registryColumns, companies","Registry-driven Budgets list with hardcoded fallback columns when the budget.list screen_definitions row resolves null."
"src/components/CandidateCreateClient.tsx","CREATE","Recruitment / Candidates","kit ObjectScreen","(none)","/recruitment/candidates/new. Simple master data; no object page because no get/update function exists."
"src/components/CategoryDistributionCharts.tsx","WIDGET","Analytics / BOQ categories","n/a","categories, projectId, money, drillTo | companyId, projectId, drillTo, ariaLabel","Category distribution bars with drill-through (the capped pie was removed). Exports the pure view and a fetching wrapper."
"src/components/ChangeOrderCreateClient.tsx","CREATE","Change Orders","kit ObjectScreen","projectId","/change-orders/new. Replaced ChangeOrdersClient's 'New Change Order' Dialog."
"src/components/ChangeOrderObjectClient.tsx","OBJECT","Change Orders","kit ObjectScreen","changeOrderId","/change-orders/[id]. Shows 'reason', which the list never did. No Edit/Delete: no update/delete exists server-side."
"src/components/ChangeOrdersClient.tsx","LIST","Change Orders","none (bespoke shadcn Table)","projectId, registryColumns","Registry-driven change-order list with a bespoke live e-signature Actions column (SignatureStatusCell) that has no registry equivalent."
"src/components/company-scope.tsx","FORM","Shared / ERP company scope","n/a","companies, scope, onChange, showConsolidateToggle","Company selector + consolidate toggle reused by Accounting, Reports, Budgets, Sales-CRM and HR. Exports companyScopeQuery, companyIdParam."
"src/components/CompanyCreateClient.tsx","CREATE","Accounting / Companies","kit ObjectScreen","(none)","/accounting/companies/new. Replaced the CompaniesPanel 'New Company / Office' Dialog."
"src/components/CopilotClient.tsx","OTHER","AI Copilot","none (bespoke)","projectId","/copilot landing: one-click access to the 7 construction tools with results shown inline. Deliberately not a second chat UI."
"src/components/CreatedReceipt.tsx","WIDGET","Shared / create flow","n/a","objectLabel, search","Persistent 'Created {object} {id}' footer receipt after a create, replacing toast.success. Exports CREATED_PARAM, createdHref, useCreatedMessage."
"src/components/CreateFormSkeleton.tsx","WIDGET","Shared / create routes","n/a","fields | message, breadcrumb, title, backHref, backLabel","Skeleton a create route paints while resolving which project it is for. Also exports CreateProjectMissing."
"src/components/CreateRouteError.tsx","WIDGET","Shared / create routes","none (bespoke)","module, moduleHref, objectLabel, error, reset","The error.tsx body for create routes; replaces a bare 'Internal Server Error' card with a framed, actionable screen."
"src/components/CreateScreenUnavailable.tsx","WIDGET","Shared / create routes","KitObjectScreen fork","breadcrumb, title, backHref, backLabel, message","Framed 'no project to write against' state shared by the 23 create routes, keeping breadcrumb/title/Back."
"src/components/CreditNoteCreateClient.tsx","CREATE","Invoices / Credit Notes","kit ObjectScreen","(none)","/invoices/credit-notes/new. R80 GAP-7 made it genuinely multi-line (was one hardcoded item with quantity nailed to 1)."
"src/components/CreditNoteObjectClient.tsx","OBJECT","Invoices / Credit Notes","kit ObjectScreen","noteId","/invoices/credit-notes/[id]. Line items plus Submit -- submitSalesCreditNote() had existed with no route at all."
"src/components/CurrencyNotSetNotice.tsx","WIDGET","Shared / currency","n/a","currencySet, loaded, className","One footer notice 'Currency not set -> Settings'; bare numbers get a warning glyph rather than a guessed currency code."
"src/components/CustomerCreateClient.tsx","CREATE","Customers","kit ObjectScreen","(none)","/customers/new. Replaced CustomersClient's 'New Customer' Dialog."
"src/components/CustomerOverviewClient.tsx","OBJECT","Customers","KitObjectScreen fork","customerId","/customers/[id]. Wraps the existing Customer 360 aggregation in a real object page with Back / Edit / Deactivate."
"src/components/CustomersClient.tsx","LIST","Customers","none (bespoke)","(none)","/customers list. Rows route to the 360 object page; New Customer routes to a create screen. GSTIN handled per Priority 19 WS-C."
"src/components/DashboardHierarchyClient.tsx","OTHER","Dashboard / Hierarchy","none (bespoke)","(none)","/dashboard/hierarchy company + department roll-up with KPI cards and a project table; EmptyReason explains an empty company list."
"src/components/DashboardHomeView.tsx","OTHER","Dashboard (home)","none (bespoke; kit ScreenColumn type)","userName, data, currencies, errorMessage, registryColumns, from, to, today, permitsExpiring","Home dashboard: KPI doors, portfolio chart groups, clickable Projects table. Client component because rows became clickable."
"src/components/DashboardKpiTile.tsx","WIDGET","Dashboard","local KpiCard fork (screens/KpiCard.tsx)","state, error, size, label, bare, ...card","One KPI tile with three honest states so tiles stop waiting on the slowest of six calls."
"src/components/DashboardProjectClient.tsx","OTHER","Dashboard / Project","local DashboardScreen fork (screens/DashboardScreen.tsx)","projectId, labels","Per-project dashboard, registry-driven per DASHBOARD.PROJECT; every KPI is a door carrying its filters through."
"src/components/DashboardSpeculation.tsx","WIDGET","Dashboard","n/a","fallbackProjectId","Idle-time prefetch of Scope and Work Progress from the dashboard, under the prefetch-store guards (idle, 4g/unknown)."
"src/components/DataLoadError.tsx","WIDGET","Shared / errors","n/a","messages, onRetry","Client-side load-failure card with Retry -- the client half of what ProjectLoadError does for server components."
"src/components/DeleteConfirmation.tsx","WIDGET","Shared / object pages","n/a","objectLabel, identifier, extra, verb, run | sentence, confirmLabel, running, onConfirm, onCancel","Inline delete confirm naming the blast radius. Exports useDeleteConfirmation and DeleteConfirmationCard."
"src/components/DepartmentCreateClient.tsx","CREATE","Employees / Departments","kit ObjectScreen","(none)","/employees/departments/new. Create-only: hr-department has no update/delete backend."
"src/components/DesignStudioCostAnalysisClient.tsx","OTHER","Design Studio","kit ScreenFrame","projectId, projectName","/design-studio/cost-analysis. Budget|Actual|Variance|% with Category/Designer/Project chips; renders VERIDIAN's report, computes nothing itself."
"src/components/DesignStudioReviewClient.tsx","LIST","Design Studio","kit ScreenFrame","projectId, projectName, role","/design-studio/review. Submitted days grouped by designer; bulk Approve per day, Reject with a ≥5-char reason. Exports MIN_REJECT_REASON."
"src/components/DesignStudioTabs.tsx","SHELL","Design Studio","n/a","projectId","The three Design Studio tabs as real routes (not client state). Exports DESIGN_STUDIO_TABS."
"src/components/DesignStudioTimesheetClient.tsx","LIST","Design Studio","kit ScreenFrame","projectId, projectName, projects, today","'My timesheet' day grid: Date | Project | Category | Task | Hours, status chip at row level, one primary action per day."
"src/components/DesignStudioTimesheetCreateClient.tsx","CREATE","Design Studio","kit ObjectScreen","projectId, projectName, preselectedTaskId, today","/design-studio/timesheets/new. Primary disabled with the missing fields named ('Save (2 required: Task, Hours)')."
"src/components/DesignStudioTimesheetObjectClient.tsx","OBJECT","Design Studio","kit ObjectScreen","entryId, projectId, projectName, projects","/design-studio/timesheets/[id]. Display-first with an explicit Edit; deliberately no keystroke autosave while a manager reviews."
"src/components/DocumentObjectClient.tsx","OBJECT","Documents","kit ObjectScreen","documentId","/documents/[id]. View/download, editable name/category/expiry, dispose. Exports previewKind, documentPatchBody, linkValidityText helpers."
"src/components/DocumentsClient.tsx","LIST","Documents","none (bespoke; useListRead + PaneState)","projectId, projectName, registryColumns, initial","/documents list with filters and server-seeded first paint. Exports applyDocumentFilters, hasActiveFilter, emptyStateText."
"src/components/DocumentUploadClient.tsx","CREATE","Documents","kit ObjectScreen","projectId, projectName, storageConfigured","/documents/upload. Drop zone, real category choice, relatesTo encoding. Exports DROP_ZONE_LABEL and documentSaveReason."
"src/components/DrawingCreateClient.tsx","CREATE","Drawings & 3D","kit ObjectScreen","projectId, projectName, projectError, storageConfigured","/drawings/new. Kind/discipline/file-or-walkthrough-link with size and extension validation; renders unconditionally now."
"src/components/DrawingObjectClient.tsx","OBJECT","Drawings & 3D","KitObjectScreen fork","drawingId, projectId","/drawings/[id]. A drawing is a documents row (category drawing|drawing_3d); destructive action chosen by state."
"src/components/DrawingsClient.tsx","LIST","Drawings & 3D","kit ListScreen + ScreenFrame","projectId, projectName, registryColumns, initial","/drawings list with kind filters and active-filter chips; one create path, kind is a field not a second button."
"src/components/EmployeeCreateClient.tsx","CREATE","Employees","kit ObjectScreen","(none)","/employees/new. upsertEmployeeProfile() needs a real VERIDIAN user session; the honest 400 is surfaced rather than hidden."
"src/components/EmployeeObjectClient.tsx","OBJECT","Employees","kit ObjectScreen","employeeId","/employees/[id]. Real detail + edit over the already-existing GET/PATCH /api/employees/[id]."
"src/components/EmployeesClient.tsx","LIST","Employees / HR","none (bespoke)","initialTab","/employees. Directory, departments and leave tabs, reusing the shared company selector after employee_profiles gained companyId."
"src/components/EntityCombobox.tsx","FORM","Shared / pickers","n/a","id, options, value, onChange, placeholder, disabled, emptyMessage, loading, storedValue, onBlur, aria-label","Pickers that cost one click: preselects a sole option and remembers the last choice. Exports filterOptions, nextHighlight, resolveInitialValue."
"src/components/ExpenseCreateClient.tsx","CREATE","Expenses","kit ObjectScreen","projectId","/expenses/new. Create-only by design: construction-expense-service has no get-single/update/delete for an expense."
"src/components/ExpensesClient.tsx","LIST","Expenses","none (bespoke shadcn Table)","projectId","/expenses list of expense head / description / amount / date, with a route to the create screen."
"src/components/ExportShareActions.tsx","WIDGET","Shared / reports","n/a","canExport, exportReason, title, pdfHref, xlsxHref, csvHref, onCsv, formatReasons, shareUrlFactory, shareReason, onMessage","One Export / Share control for every report screen, replacing six screens' separate answers. Exports whatsappTarget, offeredFormats."
"src/components/FfeClient.tsx","LIST","FF&E","none (bespoke shadcn Table)","projectId","/ffe list of FF&E items with status badges and a margin summary (cost / price / margin %)."
"src/components/FfeCreateClient.tsx","CREATE","FF&E","kit ObjectScreen","projectId","/ffe/new. Replaced FfeClient's 'New Item' Dialog, same fields."
"src/components/FfeObjectClient.tsx","OBJECT","FF&E","kit ObjectScreen","itemId","/ffe/[id]. Surfaces description/vendor/SKU/lead-time and the dimension fields that had a backend but no UI. No Delete (none exists)."
"src/components/FloorPlanEditorClient.tsx","OTHER","Floor Plans","none (bespoke)","floorPlanId","/floor-plans/[id] editor: room polygons, ceiling heights, floor/wall/ceiling materials and furniture placements."
"src/components/FloorPlanScene3D.tsx","WIDGET","Floor Plans","n/a","scene","three.js/react-three-fiber scene: cm server units mapped to metres, room polygon x/y to world X/Z with Y up."
"src/components/FloorPlansClient.tsx","LIST","Floor Plans","none (bespoke shadcn Table)","projectId","/floor-plans list with a create Dialog and links into the editor and the 3D walkthrough."
"src/components/FloorPlanWalkthroughClient.tsx","OTHER","Floor Plans","none (bespoke)","floorPlanId","/floor-plans/[id]/walkthrough. Client-only dynamic import (ssr:false) of the WebGL scene. Exports the Scene* payload types."
"src/components/FooterMessageBanner.tsx","WIDGET","Shared / flow receipts","n/a","route","Persistent, dismissible receipt strip for plain module pages that are not ObjectScreens (which render messages themselves)."
"src/components/FraudCaseCreateClient.tsx","CREATE","GRC / Cases","kit ObjectScreen","(none)","/grc/cases/new. Replaced GrcClient's 'Log a Fraud / Incident Case' Dialog."
"src/components/FraudCaseObjectClient.tsx","OBJECT","GRC / Cases","kit ObjectScreen","caseId","/grc/cases/[id]. Surfaces write-only fields and the real branching status machine incl. resolutionSummary on 'resolved'."
"src/components/GoodsReceiptCreateClient.tsx","CREATE","Procurement / Goods Receipts","kit ObjectScreen","poId (prefill)","/procurement/goods-receipts/new, optionally prefilled from a PO's 'Receive Goods' action via a server-resolved poId."
"src/components/GoodsReceiptObjectClient.tsx","OBJECT","Procurement / Goods Receipts","kit ObjectScreen","receiptId","/procurement/goods-receipts/[id]. getPurchaseReceipt() existed with no plain GET route until this screen; no generic Edit/Delete."
"src/components/GrcClient.tsx","LIST","GRC","none (bespoke)","initialTab","/grc. 7 tabs over VERIDIAN GRC: risk register with likelihood×impact, audits/findings, policy maker-checker, vendor risk, case register."
"src/components/HrDashboardClient.tsx","OTHER","HR","none (bespoke)","(none)","/hr dashboard: employee, department, leave-request, job-opening and payroll-run counts as DashboardCards."
"src/components/ImportScreen.tsx","OTHER","Shared / imports","n/a","title, helpText, templateHref, templateColumns, fields, previewColumns, preview, busy, error, skipRowsWithErrors, onSkipChange, onFileChosen, onMappingChange, onImport, onRetry, extraControls, extraSummary, rowNoun","One import screen behind BOQ, programme and roster imports. Exports UNMAPPED, importSummaryLine, importDisabledReason."
"src/components/IncomeTaxSlabCreateClient.tsx","CREATE","Payroll / Tax slabs","kit ObjectScreen","(none)","/payroll/tax-slabs/new. Create-only: no get/update for an income tax slab."
"src/components/InventoryClient.tsx","LIST","Inventory","none (bespoke tabs)","initialTab","/inventory tabs: warehouses, items and stock balances with qty/value/average cost."
"src/components/InvoiceCreateClient.tsx","CREATE","Invoices","kit ObjectScreen","(none)","/invoices/new. R80 GAP-7 made it genuinely multi-line (was one description/quantity/rate triple)."
"src/components/InvoiceObjectClient.tsx","OBJECT","Invoices","kit ObjectScreen","invoiceId","/invoices/[id]. Line items, Submit (post to GL), record payment; Delete maps to cancelSalesInvoice() for drafts."
"src/components/InvoicesClient.tsx","LIST","Invoices","none (bespoke)","initialTab","/invoices. Full sales-invoice lifecycle, credit notes linked to their invoice, and an AR aging report."
"src/components/ItemCreateClient.tsx","CREATE","Inventory / Items","kit ObjectScreen","(none)","/inventory/items/new. Also asks for standardBuyingRate/standardSellingRate/hsnSacCode/hasSerialNo the old dialog never did."
"src/components/ItemObjectClient.tsx","OBJECT","Inventory / Items","kit ObjectScreen","itemId","/inventory/items/[id]. Shows the rate/HSN/serial fields accepted on create but never displayed. No Edit (no updateItem)."
"src/components/JobOpeningCreateClient.tsx","CREATE","Recruitment / Openings","kit ObjectScreen","(none)","/recruitment/openings/new. Replaced RecruitmentClient's 'New Job Opening' Dialog."
"src/components/JobOpeningObjectClient.tsx","OBJECT","Recruitment / Openings","kit ObjectScreen","openingId","/recruitment/openings/[id]. getJobOpening() was created for this; shows jobDescription. Status change only, no Edit/Delete."
"src/components/JournalEntryCreateClient.tsx","CREATE","Accounting / Journal Entries","kit ObjectScreen","(none)","/accounting/journal-entries/new with the same debit=credit validation as the retired dialog."
"src/components/JournalEntryObjectClient.tsx","OBJECT","Accounting / Journal Entries","kit ObjectScreen","entryId","/accounting/journal-entries/[id]. Entry lines and Submit; no Edit/Delete -- double-entry records are never physically edited."
"src/components/KnowledgeBaseClient.tsx","LIST","Knowledge Base","none (bespoke)","(none)","/knowledge-base org-wide reference pages (distinct from the per-project Wiki); rows route to a real object page."
"src/components/KnowledgeBaseCreateClient.tsx","CREATE","Knowledge Base","kit ObjectScreen","(none)","/knowledge-base/new. Replaced the 'New Page' Dialog."
"src/components/KnowledgeBaseObjectClient.tsx","OBJECT","Knowledge Base","kit ObjectScreen","pageId","/knowledge-base/[id]. First URL-addressable KB page view; Delete maps to the real archive end-state."
"src/components/KpiCreateClient.tsx","CREATE","KPIs","kit ObjectScreen","projectId","/kpis/new. Replaced KpisClient's 'New KPI' Dialog."
"src/components/KpiObjectClient.tsx","OBJECT","KPIs","kit ObjectScreen","definitionId","/kpis/[id]. First URL-addressable KPI definition view plus a real Approve on entries; no Edit/Delete (none exist)."
"src/components/KpisClient.tsx","LIST","KPIs","none (bespoke)","projectId","/kpis list; rows route to /kpis/[id] and New KPI to /kpis/new instead of setting local state."
"src/components/LabourClient.tsx","LIST","Labour / Manpower","none (bespoke; kit ScreenColumn type)","projectId, registryColumns, initialTab, initialRoster, initialFilter, initialSummaryDate, projectName, resolvedByFallback, importedNotice","/labour. Roster + attendance + vendors tabs; per-tab reads so the visible tab does not wait on unrequested answers. Exports filterRoster."
"src/components/LabourDailySummaryClient.tsx","OTHER","Labour / Manpower","none (bespoke)","projectId, projectName, date, onDateChange","Daily Summary tab: what the day cost by trade, entirely from server figures. Exports peopleForTrade, statusDisplay."
"src/components/LeadCreateClient.tsx","CREATE","Sales / Leads","kit ObjectScreen","(none)","/sales/leads/new. Replaced LeadsClient's 'New Lead' Dialog."
"src/components/LeadObjectClient.tsx","OBJECT","Sales / Leads","kit ObjectScreen","leadId","/sales/leads/[id]. Facets, stage history and inline status change; getLead() existed with no route until this screen."
"src/components/LeadsClient.tsx","LIST","Sales / Leads","none (bespoke)","(none)","/sales/leads list with the shared company selector (consolidate hidden -- a flat list has no tree to roll up)."
"src/components/LeaveBalanceCreateClient.tsx","CREATE","Employees / Leave","kit ObjectScreen","(none)","/employees/leave/balance/new. setLeaveBalance() is an upsert-on-write; no object page and no delete."
"src/components/LeaveRequestCreateClient.tsx","CREATE","Employees / Leave","kit ObjectScreen","(none)","/employees/leave/new. requestLeave() needs a real VERIDIAN session; the honest 400 is surfaced until the identity bridge exists."
"src/components/ListHeaderActions.tsx","WIDGET","Shared / module lists","n/a","module, tab, projectId, onFilter, filterDisabledReason, onExport, exportDisabledReason, createDisabledReasons, extraActions","The header trio (Filter / Export / create) written once for every tab of Manpower, Materials and Schedule."
"src/components/ListScreenFrame.tsx","WIDGET","Shared / module lists","n/a","label, loading, error, rowCount, onRetry, className, loadingBody, children","The list region every module body renders inside; data-state loading|ready|empty|error and aria-busy. Exports ListLoadingWords, ListStateRegion, ListLoadingRegion."
"src/components/LookupFieldError.tsx","WIDGET","Shared / create forms","n/a","lookup","One-sentence lookup failure with an inline Retry ('Couldn't load subcontractors -- Retry') instead of a silently empty dropdown."
"src/components/MaterialCreateClient.tsx","CREATE","Materials","local CreateScreen","projectId","/materials/new. Primary reads 'Save (Name, Unit)'; a refused save renders in place above the buttons."
"src/components/MaterialIssueCreateClient.tsx","CREATE","Materials / Issues","KitObjectScreen fork","projectId, initialMaterialId","/materials/issues/new -- the OUT side of the material ledger, mirroring MaterialReceiptCreateClient."
"src/components/MaterialObjectClient.tsx","OBJECT","Materials","KitObjectScreen fork","materialId","/materials/[id]. First material detail/edit; updateMaterial() was created for it. Delete maps to Deactivate (isActive:false)."
"src/components/MaterialReceiptCreateClient.tsx","CREATE","Materials / Receipts","local CreateScreen","projectId","/materials/receipts/new. Write-once inbound receipt; the material-master read's failure now reaches the form instead of a toast."
"src/components/MaterialReceiptObjectClient.tsx","OBJECT","Materials / Receipts","KitObjectScreen fork","receiptId","/materials/receipts/[id]. Read-only by design with exactly one action, VOID, requiring a reason. Exports VoidConfirm."
"src/components/MaterialsClient.tsx","LIST","Materials","none (bespoke; kit ScreenColumn type)","projectId, projectName, registryColumns, initialTab, initialMaterialId, initialMaster, readOnlyReason, initialFrom, initialTo","/materials. Registry-driven master + inbound receipts + cost report. Exports lineTotal, receiptsTotal, defaultReportFrom."
"src/components/MeetingCreateClient.tsx","CREATE","Meetings","kit ObjectScreen","projectId","/meetings/new. Replaced MeetingsClient's 'New Meeting' Dialog."
"src/components/MeetingObjectClient.tsx","OBJECT","Meetings","kit ObjectScreen","meetingId","/meetings/[id]. Agenda/participants/outcomes plus a real Edit (updateMeeting() was created for it). No Delete."
"src/components/MeetingsClient.tsx","LIST","Meetings","none (bespoke)","projectId","/meetings list (manual CRUD; the AI voice-to-MOM capture is a separate pending item)."
"src/components/ModuleListSkeleton.tsx","WIDGET","Shared / module lists","none (kit ScreenColumn type)","columns, actions, tabs, label","The frame a module route paints while rows are in flight; used by each route's loading.tsx and as the in-page Suspense fallback."
"src/components/ModuleProjectNotice.tsx","WIDGET","Shared / module pages","n/a","errorMessage","The two non-data outcomes of resolving a project (error / no projects yet), in one place instead of inline on 11 pages."
"src/components/ModuleScreenContext.tsx","SHELL","Shared / module pages","n/a","(none captured)","Publishes the module + project to the shell's rail and composer strip without making the fast path await /dashboard."
"src/components/MoMCreateClient.tsx","CREATE","MoM (Minutes of Meeting)","local CreateScreen","projectId, projectName","/moms/new. projectName is required, not decorative -- the screen states which project it will write into."
"src/components/MoMObjectClient.tsx","OBJECT","MoM (Minutes of Meeting)","KitObjectScreen fork","meetingId, justCreated","/moms/[id]. Publish/lock, action items and share-link management that existed in veri-meeting-service with no UI."
"src/components/MoMsClient.tsx","LIST","MoM (Minutes of Meeting)","none (bespoke; kit ScreenColumn type)","projectId, projectName, mode, fellBack, projects, initialFilter, defaultFilter, registryColumns, initial, deletedTitle","/moms registry-driven list over VERI Meeting Intelligence (/api/moms), with AI summary and PDF export."
"src/components/MoodBoardCreateClient.tsx","CREATE","Mood Boards","kit ObjectScreen","projectId","/mood-boards/new. Replaced the 'New Mood Board' Dialog."
"src/components/MoodBoardObjectClient.tsx","OBJECT","Mood Boards","kit ObjectScreen","boardId","/mood-boards/[id]. Edit title/room/description (getMoodBoard/updateMoodBoard created for it) and per-item removal."
"src/components/MoodBoardsClient.tsx","LIST","Mood Boards","none (bespoke)","projectId","/mood-boards cards routing to real create and object pages instead of the old 'Add Item' Dialog and inline status buttons."
"src/components/NotificationBell.tsx","WIDGET","App shell / notifications","n/a","initialNotifications, initialUnreadCount","Notification bell + dropdown over GET /api/notifications and PATCH /api/notifications/[id]/read; mounted via AppHeader's slot."
"src/components/OpportunitiesClient.tsx","LIST","Sales / Opportunities","none (bespoke)","(none)","/sales/opportunities list with inline stage Select and a bulk-reassign bar; rows route to a real object page."
"src/components/OpportunityCreateClient.tsx","CREATE","Sales / Opportunities","kit ObjectScreen","(none)","/sales/opportunities/new. Replaced the 'New Opportunity' Dialog."
"src/components/OpportunityObjectClient.tsx","OBJECT","Sales / Opportunities","kit ObjectScreen","opportunityId","/sales/opportunities/[id]. Facets, stage history and inline stage change; getOpportunity() existed with no route."
"src/components/OrgInvitesCard.tsx","WIDGET","Settings / Org admin","none (bespoke)","(none)","User provisioning under org admin settings: the invite link is generated here (Supabase Site URL is dead) and bound to its email server-side."
"src/components/PageHeading.tsx","WIDGET","Shared / page chrome","n/a","title, breadcrumb, project, context, note, contextNote, actions","Per-page title/breadcrumb/actions in the content area, since AppHeader is mounted once and has no per-page title bar. Used by ~50 routes."
"src/components/PaneState.tsx","WIDGET","Shared / data panes","n/a","status, entity, projectName, startedAt, error, rowCount, skeletonColumns, skeletonRows, emptyMessage, emptyAction, lastLoadedAt, onRetry, children","One data-pane state wrapper for the product (loading/ready/empty/error), rules in src/lib/pane-state.ts. Exports PaneWaitingCaption, PaneErrorCard."
"src/components/PayrollClient.tsx","LIST","Payroll","none (bespoke tabs)","initialTab","/payroll. Six data sources across tabs, each able to say its own source failed rather than falling into empty-state copy."
"src/components/PayrollRunCreateClient.tsx","CREATE","Payroll / Runs","kit ObjectScreen","(none)","/payroll/runs/new. Replaced PayrollClient's 'New Payroll Run' Dialog."
"src/components/PayrollRunObjectClient.tsx","OBJECT","Payroll / Runs","kit ObjectScreen","runId","/payroll/runs/[id]. Replaced the 'View Register' Dialog; Process (draft->processed) is identity-bridge blocked, disclosed."
"src/components/PayslipObjectClient.tsx","OBJECT","Payroll / Payslips","kit ObjectScreen","runId, payslipId","/payroll/runs/[id]/payslips/[payslipId]. Replaced a Dialog-on-Dialog; a plain GET route was added for getPayslipDetail()."
"src/components/permit-status.ts","OTHER","Permits","n/a","n/a (pure module)","Permit expiry expressed in words not a signed number. Exports permitStatus, permitStatusLabel, permitStatusCounts, permitHeaderSentence, sortByExpiryAscending."
"src/components/PermitCreateClient.tsx","CREATE","Permits","kit ObjectScreen","projectId, projectName, storageConfigured","/permits/new. Framed create screen sharing the object page's vocabulary. Exports MAX_PDF_MB, missingPermitFields, fileSizeError, endDateError."
"src/components/PermitObjectClient.tsx","OBJECT","Permits","KitObjectScreen fork","permitId","/permits/[id]. Registry-driven permit object screen: display/edit/create in one layout with the full draft lifecycle."
"src/components/PermitsListClient.tsx","LIST","Permits","kit ListScreen + ScreenFrame","projectId, projectName, withinDays, initial, registryColumns","/permits list on useListRead + PaneState with server-seeded first paint. Exports rowHasDocument."
"src/components/PickProjectPrompt.tsx","WIDGET","Shared / project scope","n/a","message","The 'nothing is selected yet' state for a project-scoped screen, instead of an empty-data sentence."
"src/components/PolicyCreateClient.tsx","CREATE","GRC / Policies","kit ObjectScreen","(none)","/grc/policies/new. Replaced GrcClient's 'Draft Policy' Dialog."
"src/components/PolicyObjectClient.tsx","OBJECT","GRC / Policies","kit ObjectScreen","policyId","/grc/policies/[id]. First UI entry point for updatePolicy(action:'edit') plus the maker-checker Request Publish."
"src/components/PrimarySubmit.tsx","WIDGET","Shared / forms","n/a","missing, submitting, submittingLabel, onClick, children","Kills the fail-after-click pattern: the primary states what is missing rather than being a dead no-op."
"src/components/ProcurementClient.tsx","LIST","Procurement","none (bespoke tabs)","initialTab","/procurement tabs across requisitions, RFQs, supplier quotations, POs and goods receipts."
"src/components/ProjectBreadcrumb.tsx","WIDGET","Shared / page chrome","n/a","module, moduleHref, trail, backHref, backLabel","'{Project} / {Module}' from the one ProjectContext -- it takes no project prop, so rail and breadcrumb cannot disagree."
"src/components/ProjectCreateClient.tsx","CREATE","Projects","kit ObjectScreen","products, productsError","/projects/new. The retired CreateProjectDialog's form contents rehoused on the create archetype. Exports fieldForProjectError."
"src/components/ProjectLoadError.tsx","WIDGET","Shared / errors","n/a","message","Server-component project-resolution failure card used by 11 module pages, replacing an inert red box."
"src/components/ProjectRequiredCard.tsx","WIDGET","Shared / project scope","n/a","module","What a per-project module shows under 'All projects': a chooser card instead of silently resolving projects[0]."
"src/components/ProjectsListClient.tsx","LIST","Projects","kit ListScreen + ScreenFrame","(none)","/projects. The Projects list PROJEXA never had (previously only a home table and a rail switcher)."
"src/components/ProjectsOverviewClient.tsx","LIST","Projects / Overview","none (bespoke; kit ScreenColumn type)","bars, errorMessage, labels","Project progress bars; its empty state now routes to /projects/new with the same control wording as the home screen."
"src/components/ProjectSwitcher.tsx","WIDGET","Shared / project scope","n/a","pathname, projectId","Carries the chosen project as ?projectId= in the URL (shareable, refresh-safe) for the 17 project-scoped pages."
"src/components/PunchListClient.tsx","LIST","Punch List","none (bespoke)","projectId","/punch-list. Rows route to a real object page and New Item to a real create screen instead of inline Mark Done/Verify."
"src/components/PunchListCreateClient.tsx","CREATE","Punch List","kit ObjectScreen","projectId","/punch-list/new. Also asks for priority, which createPunchListItem() always accepted."
"src/components/PunchListObjectClient.tsx","OBJECT","Punch List","kit ObjectScreen","itemId","/punch-list/[id]. getPunchListItem() created for it; the two real transitions (Mark Done -> Verify & Close) moved here."
"src/components/PurchaseOrderCreateClient.tsx","CREATE","Purchase Orders","kit ObjectScreen","(none)","/purchase-orders/new. Posts to the same /api/purchase-orders and redirects to Procurement's existing PO object page."
"src/components/PurchaseOrderObjectClient.tsx","OBJECT","Procurement / Purchase Orders","kit ObjectScreen","poId","/procurement/purchase-orders/[id]. getPurchaseOrder() had no GET route until this; Edit and Delete added in R80 GAP-6."
"src/components/PurchaseOrdersClient.tsx","LIST","Purchase Orders","none (bespoke)","(none)","/purchase-orders list with the shared company selector; multi-currency buying. Consolidate hidden for a flat list."
"src/components/QuotationCreateClient.tsx","CREATE","Procurement / Supplier Quotations","kit ObjectScreen","(none)","/procurement/quotations/new. R80 GAP-7 made items genuinely multi-line. No object page (no getSupplierQuotation)."
"src/components/QuotationsClient.tsx","LIST","Sales / Quotations","none (bespoke)","(none)","/quotations sales-quotation list with the shared company selector; New Quotation routes to a real create screen."
"src/components/RecruitmentClient.tsx","LIST","Recruitment","none (bespoke tabs)","initialTab","/recruitment. Openings, candidates and applications tabs; all three dialogs replaced by real create screens."
"src/components/report-format.ts","OTHER","Reports & Analysis","n/a","n/a (pure module)","One money/percent/date format and field grouping for the Project Status card. Exports REPORT_FIELD_GROUPS, formatReportValue, reportFieldType."
"src/components/ReportCatalogRunner.tsx","OTHER","Reports & Analysis","none (bespoke)","definitionId, supportsCompanyScope, companies, projectId, subject","Run-and-see panel for one report_definitions entry via POST /api/reports/definitions/[id]/run. Exports emptyResultSentence."
"src/components/ReportCatalogSection.tsx","LIST","Reports & Analysis","none (bespoke)","projectId, onOpenProjectReport","Org-scoped browse/search/run surface over the ~230-entry report catalog. Exports NOT_AVAILABLE_HERE, RUNS_HERE_BADGE."
"src/components/ReportOutput.tsx","WIDGET","Reports & Analysis","n/a","data, fieldLabels, fieldFormatters, omitKeys","Generic renderer for arbitrary report and Copilot tool payloads; still the right component where no schema is declared."
"src/components/ReportsClient.tsx","LIST","Reports & Analysis","none (bespoke; kit ScreenColumn type)","projectId, projectName, registryColumns","/reports composed index: what renders a report, what it takes, whether it exports, and its opening parameters."
"src/components/RequisitionCreateClient.tsx","CREATE","Procurement / Requisitions","kit ObjectScreen","(none)","/procurement/requisitions/new. R80 GAP-7 made items multi-line (was one hardcoded description/quantity)."
"src/components/RequisitionObjectClient.tsx","OBJECT","Procurement / Requisitions","kit ObjectScreen","requisitionId","/procurement/requisitions/[id]. Real detail over the pre-existing getPurchaseRequisition; no generic Edit/Delete."
"src/components/RfiCreateClient.tsx","CREATE","RFIs","kit ObjectScreen","projectId","/rfis/new. Also surfaces dueDate, which createRfi() always accepted."
"src/components/RfiObjectClient.tsx","OBJECT","RFIs","kit ObjectScreen","rfiId","/rfis/[id]. getRfi() created for it; the Answer dialog became a real inline form. Only answer/close transitions."
"src/components/RfisClient.tsx","LIST","RFIs","none (bespoke)","projectId","/rfis list; rows route to /rfis/[id] and New RFI to /rfis/new instead of inline buttons and an Answer Dialog."
"src/components/RfqCreateClient.tsx","CREATE","Procurement / RFQs","kit ObjectScreen","(none)","/procurement/rfqs/new. R80 GAP-7 made items multi-line to match the already multi-select vendor list."
"src/components/RfqObjectClient.tsx","OBJECT","Procurement / RFQs","kit ObjectScreen","rfqId","/procurement/rfqs/[id]. getRfq() created for it; also renders the real ranked quotation comparison."
"src/components/RiskCreateClient.tsx","CREATE","GRC / Risks","kit ObjectScreen","(none)","/grc/risks/new. Replaced GrcClient's 'Log Risk' Dialog."
"src/components/RiskObjectClient.tsx","OBJECT","GRC / Risks","kit ObjectScreen","riskId","/grc/risks/[id]. Adds the missing detail view; no Edit (only status and linked-controls exist server-side)."
"src/components/RosterCreateClient.tsx","CREATE","Labour / Roster","local CreateScreen","projectId","/labour/new -- the screen the audit named as the model create form ('Save (Name, Daily Rate)' disabled-with-reason)."
"src/components/RosterFields.tsx","FORM","Labour / Roster","n/a","values, onChange, vendors, trades, currency, touched, onBlurField","The roster's fields written once for both the create screen and the object page's edit mode. Exports useTrades."
"src/components/RosterImportClient.tsx","CREATE","Labour / Roster","KitObjectScreen fork","projectId","/labour/import bulk roster load; the preview comes from the same server parse (?dryRun=1) as the real import."
"src/components/RosterObjectClient.tsx","OBJECT","Labour / Roster","KitObjectScreen fork","rosterId, createdNotice","/labour/[id]. First roster-entry detail/edit; updateRosterEntry() created for it; destructive word corrected to Deactivate."
"src/components/SalaryComponentCreateClient.tsx","CREATE","Payroll / Components","kit ObjectScreen","(none)","/payroll/components/new. Create-only: no get/update for a salary component."
"src/components/SalaryStructureCreateClient.tsx","CREATE","Payroll / Structures","kit ObjectScreen","(none)","/payroll/structures/new. Create-only: no get/update for a salary structure."
"src/components/SalesDashboardClient.tsx","OTHER","Sales","none (bespoke)","(none)","/sales overview: leads/opportunities counts, stage values, win rate, open pipeline value and overdue follow-ups."
"src/components/SalesOrderCreateClient.tsx","CREATE","Sales Orders","kit ObjectScreen","(none)","/sales-orders/new. Replaced SalesOrdersClient's dialog, same fields."
"src/components/SalesOrderObjectClient.tsx","OBJECT","Sales Orders","kit ObjectScreen","salesOrderId","/sales-orders/[id]. Line items with deliveredQuantity plus a real Document Flow section (SAP VBFA-style)."
"src/components/SalesOrdersClient.tsx","LIST","Sales Orders","none (bespoke)","(none)","/sales-orders list with the shared company selector; consolidate hidden for a flat list."
"src/components/SalesQuotationCreateClient.tsx","CREATE","Sales / Quotations","kit ObjectScreen","(none)","/quotations/new. Replaced QuotationsClient's 'New Quotation' Dialog, same fields."
"src/components/SalesQuotationObjectClient.tsx","OBJECT","Sales / Quotations","kit ObjectScreen","quotationId","/quotations/[id] for erp_quotations (distinct from supplier quotations); getQuotation() created for it."
"src/components/ScheduleBoardClient.tsx","LIST","Schedule / Board","none (bespoke)","projectId","Schedule Board tab: skeleton in the real shape with a waiting caption, plus data-state/aria-busy for latency measurement."
"src/components/ScheduleGanttClient.tsx","LIST","Schedule / Gantt","none (bespoke; kit ScreenColumn type)","projectId, registryColumns, initialGantt, titleFilter, onMessage, today","Gantt tab with baselines; exports NEEDS_PM_ROLE, BASELINE_NAME_REQUIRED, baselineSaveLabel."
"src/components/ScheduleImportClient.tsx","CREATE","Schedule / Import","local ImportScreen","projectId","/schedule/import programme spreadsheet import; D-48 built the real endpoint, D-68 moved it onto the shared ImportScreen."
"src/components/ScheduleSprintCreateClient.tsx","CREATE","Schedule / Sprints","kit ObjectScreen","projectId","/schedule/sprints/new. Replaced ScheduleSprintsClient's 'New Sprint' Dialog."
"src/components/ScheduleSprintsClient.tsx","LIST","Schedule / Sprints","none (bespoke)","projectId","Sprints tab with a real-shape skeleton, waiting caption and data-state/aria-busy on the region."
"src/components/ScheduleTabsClient.tsx","SHELL","Schedule","none (bespoke)","projectId, projectName, initialTab, initialQuery, highlightEntryId, timelineColumns, initialGantt","/schedule tab host. Exports NO_ACTIVITIES_TO_FILTER, NO_ACTIVITIES_TO_EXPORT, IMPORT_UNAVAILABLE_REASON."
"src/components/ScheduleTaskCreateClient.tsx","CREATE","Schedule / Tasks","local CreateScreen","projectId","/schedule/tasks/new. A failed lookup reaches the form as a banner with Retry and as the primary's disabled reason."
"src/components/ScheduleTaskObjectClient.tsx","OBJECT","Schedule / Tasks","KitObjectScreen fork","taskId, backTo, createdNumber","/schedule/tasks/[id]. First detail/edit for pms_issues; Delete maps to the existing isArchived soft-delete."
"src/components/ScheduleTimesheetClient.tsx","LIST","Schedule / Timesheet","none (bespoke)","projectId, projectName, highlightEntryId, onMessage","Timesheet tab with a real-shape skeleton, waiting caption and data-state/aria-busy on the region."
"src/components/ScopeClient.tsx","LIST","Scope (BOQ)","none (bespoke; kit ScreenColumn type)","projectId, projectName, listColumns, initial","/scope revision list, server-seeded; the per-revision compare fan-out was removed. Exports formatDeltaPct."
"src/components/ScopeCompareClient.tsx","OTHER","Scope (BOQ)","kit CompareScreen + ScreenFrame","boqId, compareColumns","/scope/[id]/compare. Pure-display compare with an 'Against' selector; wraps ScreenFrame, not ObjectScreen."
"src/components/ScopeCreateClient.tsx","CREATE","Scope (BOQ)","local CreateScreen","projectId","/scope/new. A BOQ is created in one shot with its full line-item set, so there is no draft lifecycle to autosave."
"src/components/ScopeImportClient.tsx","CREATE","Scope (BOQ)","KitObjectScreen fork","projectId","/scope/import. Screen over the already-shipped BOQ importer; preview comes from the same server parse (?dryRun=1)."
"src/components/ScopeObjectClient.tsx","OBJECT","Scope (BOQ)","KitObjectScreen fork","boqId, importedNotice, attachedFileName","/scope/[id]. The BOQ object page replacing the old 'View' Dialog; Back preserves ?projectId=, Delete gated on the backend."
"src/components/ScopeReviseClient.tsx","CREATE","Scope (BOQ)","KitObjectScreen fork","boqId","/scope/[id]/revise. Seeds the form from the current BOQ's line items; disabled-with-reason primary."
"src/components/ScreenLoading.tsx","WIDGET","Shared / loading","n/a","entity, rows, columns","The Suspense fallback a module page hands to <Suspense> while its server-side VERIDIAN read is in flight."
"src/components/search-command.tsx","WIDGET","App shell / search","n/a","(none)","Cmd+K / Ctrl+K command palette, keyword mode only, grouped over PROJEXA's real entities. Exports SearchTrigger."
"src/components/SearchSelect.tsx","FORM","Shared / pickers","n/a","ariaLabel, value, onChange, options, placeholder, emptyText, onQueryChange, loading, disabled, className","One searchable picker (people picker and BOQ line picker are the same control). Exports filterLocally."
"src/components/ServiceWorkerRegister.tsx","OTHER","App shell","n/a","(none)","Registers /sw.js from a client component; mounted once in the root layout so it is live on every route."
"src/components/SettingsClient.tsx","OTHER","Settings","none (bespoke)","(none)","/settings surface; imports the import-free roles.ts so the role vocabulary is usable from a client component."
"src/components/SiteDiaryClient.tsx","LIST","Site Diary","none (bespoke)","projectId","/site-diary list; rows route to a real object page and New Entry to a real create screen."
"src/components/SiteDiaryCreateClient.tsx","CREATE","Site Diary","kit ObjectScreen","projectId","/site-diary/new. Also asks for visitors / materialReceived / remarks, which createSiteDiary() always accepted."
"src/components/SiteDiaryObjectClient.tsx","OBJECT","Site Diary","kit ObjectScreen","diaryId","/site-diary/[id]. getSiteDiary() created for it; write-once daily log so no Edit/Delete."
"src/components/SkeletonTable.tsx","WIDGET","Shared / loading","n/a","headers, rows, caption","Skeleton built from the same columns array the real table uses, so the card does not jump when rows land."
"src/components/StatusChip.tsx","WIDGET","Shared / status","n/a","label, filled, tone","A status is a glyph AND a word, never colour alone; the glyph differs in shape, not only hue."
"src/components/StatutoryRuleCreateClient.tsx","CREATE","Payroll / Statutory Rules","kit ObjectScreen","(none)","/payroll/statutory-rules/new. Create-only: no get/update for a statutory rule."
"src/components/StockEntryCreateClient.tsx","CREATE","Inventory / Stock Entries","kit ObjectScreen","(none)","/inventory/stock-entries/new. Write-once stock ledger entry, so no object page."
"src/components/SubmittalCreateClient.tsx","CREATE","Submittals","kit ObjectScreen","projectId","/submittals/new. Also asks for type and dueDate, which createSubmittal() always accepted."
"src/components/SubmittalObjectClient.tsx","OBJECT","Submittals","kit ObjectScreen","submittalId","/submittals/[id]. getSubmittal() created for it; the Review dialog became a real inline action bar with the same PATCH shape."
"src/components/SubmittalsClient.tsx","LIST","Submittals","none (bespoke)","projectId","/submittals list; rows route to a real object page, New Submittal to a real create screen."
"src/components/TableLoadingRows.tsx","WIDGET","Shared / loading","n/a","headers, rows, caption, delayMs","Renders the real (registry-resolved or fallback) column headers above grey rows of the right height instead of a spinner."
"src/components/theme-toggle.tsx","WIDGET","App shell","n/a","(none)","next-themes light/dark toggle, hydration-safe via useSyncExternalStore."
"src/components/VendorCreateClient.tsx","CREATE","Vendors","kit ObjectScreen","(none)","/vendors/new. Replaced VendorsClient's 'New Vendor' Dialog."
"src/components/VendorObjectClient.tsx","OBJECT","Vendors","KitObjectScreen fork","vendorId","/vendors/[id]. First consumer of the Vendor Master feature set (banking, qualification review, sanction screening, portal)."
"src/components/VendorRiskCreateClient.tsx","CREATE","GRC / Vendor Risk","kit ObjectScreen","(none)","/grc/vendors/new. No object page: no get/update-single for vendor-risk profiles, and an unresolved naming overlap with /api/vendors."
"src/components/VendorsClient.tsx","LIST","Vendors","none (bespoke)","(none)","/vendors list; rows now route to a real object page -- this module previously had no detail view at all."
"src/components/WarehouseCreateClient.tsx","CREATE","Inventory / Warehouses","kit ObjectScreen","(none)","/inventory/warehouses/new. Create-only: no getWarehouse/updateWarehouse server-side."
"src/components/WikiClient.tsx","LIST","Wiki","none (bespoke)","projectId","/wiki per-project pages over pms-wiki-service; rows route to a real object page, New Page to a real create screen."
"src/components/WikiCreateClient.tsx","CREATE","Wiki","kit ObjectScreen","projectId","/wiki/new. createWikiPage() genuinely works via the shared API key (it degrades updatedById to null)."
"src/components/WikiObjectClient.tsx","OBJECT","Wiki","kit ObjectScreen","pageId","/wiki/[id]. getWikiPage() created for it; corrects a stale disclosure banner about session-blocked saves."
"src/components/WorkProgressAnalyticalClient.tsx","OTHER","Work Progress","kit AnalyticalScreen (+ ListScreen)","projectId, projectName","Work Progress analytical tab; the serial /api/scope tail was removed since VERIDIAN now sends activityName/boqItemCode. Exports KPI_CAPTION."
"src/components/WorkProgressFormClient.tsx","FORM","Work Progress","kit FormScreen","projectId, onLogged, activities","The Work Progress entry form, written out rather than generated, so field order/labels/hints read as a site engineer thinks."
"src/components/WorkProgressListClient.tsx","LIST","Work Progress","kit ListScreen + ScreenFrame","entries, notice, activityNameById, status, error, onRetry, loadedAt, startedAt, projectId, projectName, framed","Work Progress entries table; the four-call serial read that filled one BOQ column was removed."
"src/components/WorkProgressObjectClient.tsx","OBJECT","Work Progress","KitObjectScreen fork","entryId, justLogged","/work-progress/[id]. Closes create-only Work Progress: open, correct, delete an entry and see the uploaded photo."
"src/components/WorkProgressPageClient.tsx","SHELL","Work Progress","none (bespoke)","projectId, projectName, notice","/work-progress page host tying the form, list and notices together after the serial-read rewrite."
"src/components/WorkProgressReportClient.tsx","OTHER","Work Progress / Report","none (bespoke)","projectId, projectName, projectStartDate, initialParams","The Work Progress Report: scope tables, category filter group, tie checks, BOQ line links. 'Run Report' fills the control strip first."
"src/components/WorkspaceConnectionCard.tsx","WIDGET","Settings / Org repair","none (bespoke)","canRepair","The UI half of POST /api/org/repair for a half-provisioned tenant; quiet (one line, no button) when everything is fine."
"src/components/charts/GroupedBarChart.tsx","WIDGET","Charts","n/a","groups, series, title, moneyPrefix, onGroupClick, emptyLabel","Three-bars-per-project grouped bar chart with axis and tooltip -- the kit's single-series BarChart cannot do this. Exports axisTicks."
"src/components/dashboard/DashboardFilterDrawer.tsx","WIDGET","Dashboard","n/a","(none captured)","The Company/Department/date-range Filter drawer that replaced /dashboard/hierarchy as a destination. Exports DASHBOARD_FILTER_PARAMS, buildDashboardFilterQuery."
"src/components/dashboard/ProjectRow.tsx","WIDGET","Dashboard","n/a","project, money, onOpen, onPrefetch, today | projects, money, today | rows","The home dashboard's project row: name, % bar, money, second percentage, status word. Exports ProjectRowList, NoProjectsRow, ProjectRowSkeleton, projectHref."
"src/components/marketing/ContactForm.tsx","FORM","Marketing site","n/a","sourcePage","'Talk to an Engineer' capture wired to POST /api/contact -> contact_requests; deliberately does not claim to send a confirmation email."
"src/components/marketing/CopilotSpotlight.tsx","OTHER","Marketing site","n/a","locale","Landing-page section spotlighting the AI Copilot, locale-threaded."
"src/components/marketing/FinalCTA.tsx","OTHER","Marketing site","n/a","locale, sourcePage","Closing call-to-action section, tagged with the page it was submitted from."
"src/components/marketing/Hero.tsx","OTHER","Marketing site","n/a","locale","Two-column hero with a static dashboard-preview mockup -- deliberately not a chat-bubble UI."
"src/components/marketing/LandingPage.tsx","OTHER","Marketing site","n/a","locale","The landing page body rendered by both / (en) and /hi; locale threaded explicitly because the pages are prerendered."
"src/components/marketing/marketing-locale.ts","OTHER","Marketing site","n/a","locale (MarketingLocaleProps)","The explicit-locale prop contract every marketing Server Component takes, since ambient locale cannot work under static rendering."
"src/components/marketing/MarketingFooter.tsx","OTHER","Marketing site","n/a","locale","Shared marketing footer for the landing and how-it-works pages."
"src/components/marketing/MarketingHeader.tsx","SHELL","Marketing site","n/a","(none)","Shared marketing header; owner-fixed order and 8 labels, anchors rewritten to /#id when rendered off '/'."
"src/components/marketing/MarketingLocaleProvider.tsx","OTHER","Marketing site","n/a","locale, children","Client half of a per-locale marketing document: mounts NextIntlClientProvider for MarketingHeader and ContactForm."
"src/components/marketing/ModuleCatalogSection.tsx","OTHER","Marketing site","n/a","locale","Module catalog section; every entry was verified against real (app) route folders and AppSidebar nav labels."
"src/components/marketing/ProblemSection.tsx","OTHER","Marketing site","n/a","locale","'The problem' narrative section of the landing page."
"src/components/marketing/Reveal.tsx","WIDGET","Marketing site","n/a","children, className, delay, id","IntersectionObserver scroll-reveal with no animation library; the visible state is the server default so content is never hidden."
"src/components/marketing/ROISection.tsx","OTHER","Marketing site","n/a","locale","ROI narrative section of the landing page."
"src/components/marketing/SelfCoordinationSection.tsx","OTHER","Marketing site","n/a","locale","Comparison section behind the 'Self Coordination' nav item: what a self-coordinating AI OS means vs a chatbot or an apps platform."
"src/components/marketing/SolutionSection.tsx","OTHER","Marketing site","n/a","locale","'The solution' narrative section of the landing page."
"src/components/marketing/ValueSection.tsx","OTHER","Marketing site","n/a","locale","Value-proposition section of the landing page."
"src/components/marketing/how-it-works/ArchitectureDiagram.tsx","WIDGET","Marketing site / How it works","n/a","locale","CSS-only hub-and-spoke diagram: VERIDIAN AI OS at the centre with the 8 real module categories from the catalog as spokes."
"src/components/marketing/how-it-works/ChangeOrderTrace.tsx","OTHER","Marketing site / How it works","n/a","locale","Traced change-order example verified against the real signature-status route and ChangeOrdersClient; nothing aspirational."
"src/components/marketing/how-it-works/FactsRow.tsx","OTHER","Marketing site / How it works","n/a","locale","Row of headline facts on the how-it-works page."
"src/components/marketing/how-it-works/HowItWorksContent.tsx","OTHER","Marketing site / How it works","n/a","locale","The /how-it-works body, lifted out of the page so en and hi are one page rendered twice."
"src/components/marketing/how-it-works/HowItWorksHero.tsx","OTHER","Marketing site / How it works","n/a","locale","Hero block of the how-it-works page."
"src/components/reports/pivot-utils.ts","OTHER","Reports & Analysis","n/a","n/a (pure module)","The only place row/column/value grouping happens. Exports computePivot, computeChartData, inferColumnTypes, chartDefaults, filterRowsByCategory."
"src/components/reports/PivotTable.tsx","WIDGET","Reports & Analysis","n/a","columns, rows","Client-side pivot over an already-executed report result; a thin wrapper around pivot-utils."
"src/components/reports/ProjectStatusCard.tsx","WIDGET","Reports & Analysis","n/a","data, format, financialsRedacted","The Project Status figures in bands, one money format, raw cuid removed, both percentages explained."
"src/components/reports/ReportChart.tsx","WIDGET","Reports & Analysis","n/a","columns, rows, selectedCategory, onSelectCategory","Chart tab that infers what each column is and opens on a readable pairing. Exports SHARE_MAX_CATEGORIES, SHARE_TOGGLE_LABEL."
"src/components/reports/ReportDocument.tsx","WIDGET","Reports & Analysis","n/a","schema, payload, format, emptyMessage, emptyAction, onTieMessage","The one schema-driven report document (columns, order, labels, alignment, decimals, bands, subtotals, links). Exports ReportTotalsBanner."
"src/components/reports/ReportFilters.tsx","FORM","Reports & Analysis","n/a","onChange, initialStartDate, initialEndDate","Hand-written report parameter controls, because report_definitions rows carry no formal per-row parameter schema."
"src/components/reports/ReportResultView.tsx","WIDGET","Reports & Analysis","n/a","result","Table / Pivot / Chart view switcher over one {columns, rows} report execution result."
"src/components/reports/ReportTableView.tsx","WIDGET","Reports & Analysis","n/a","table, orgMoney","One renderer for every report VERIDIAN serves, replacing ReportOutput's raw-JSON-key grid for the 12 schema-less reports."
"src/components/reports/SortedBarList.tsx","WIDGET","Reports & Analysis","n/a","bars, title, emptyMessage, onSelect, selectedKey","A sorted horizontal bar list with click-to-filter, and never a pie. Exports sortBars, barWidth."
"src/components/screens/CreateScreen.tsx","OTHER","Screen archetypes","local CreateScreen (this file IS the archetype)","module, moduleHref, objectLabel, title, fields, values, onChange, files, onFileChange, extraMissing, banner, failure, onRetry, saving, saved, onSubmit, onCancel, secondaryAction, money","PROJEXA's own create archetype (a fork rather than a kit change, decision D-09). 8 create screens import it."
"src/components/screens/DashboardScreen.tsx","OTHER","Screen archetypes","local DashboardScreen fork (renders local ScreenFrame)","breadcrumb, oneNumber, secondaryKpis, trendColumn, breakdownColumn, linkList, recentActivity, filterAction, exportAction, newAction","Fork of the kit's DashboardScreen; only DashboardProjectClient imports it."
"src/components/screens/KitObjectScreen.tsx","OTHER","Screen archetypes","KitObjectScreen fork (this file IS the fork)","loading, breadcrumb, title, subtitle, headerStatus, headerActions, facets, documentFlow, mode, hasDraft, lockedByOther, onEdit, onSave, onCancel, onDelete, onBack, deleteLabel, secondaryAction, saveDisabledReason, onAutosave, messages, children | loading, breadcrumb, label, actions, facetCount, onBack","Verbatim fork of the kit's ObjectScreen plus a frame-first `loading` variant and deleteLabel/secondaryAction. 16 components + 7 loading.tsx files use it."
"src/components/screens/KpiCard.tsx","WIDGET","Screen archetypes","n/a","label, value, trend, baseline, visual, size, onClick, bare","Fork of the kit's KpiCard; the one behavioural difference is how `trend` is treated. Imported only by DashboardKpiTile."
"src/components/screens/ObjectScreen.tsx","OTHER","Screen archetypes","local ObjectScreen (ZERO importers -- dead archetype)","module, moduleHref, objectLabel, title, facets, onEdit, onDelete, footerMessage, autosave, error, children","Lane D0's PROJEXA-native display-first object archetype (Edit | Delete | Back, inline confirm, persistent footer). Verified: nothing in src/ imports it."
"src/components/screens/ProjexaLinkListCard.tsx","WIDGET","Screen archetypes","n/a","title, items","Fork of the kit's LinkListCard using real <a> links instead of buttons, so entries can be middle-clicked. Used by /analysis."
"src/components/screens/ScreenFrame.tsx","OTHER","Screen archetypes","kit ScreenFrame (forked here)","breadcrumb, filterAction, exportAction, newAction, headerMessageStrip, footerActions, messages, onMessageClick","Fork of the kit's ScreenFrame; only screens/DashboardScreen.tsx imports it, so ~50 other screens are unaffected."
"src/components/shell/AccountMenu.tsx","SHELL","App shell (M24)","n/a","email","The account control for the M24 top rail, extracted from AppTopbar which M24 no longer renders."
"src/components/shell/AnswerBlock.tsx","SHELL","App shell (M24) / composer","n/a","heading, rows, emptyText, onOpenRow, link","How composer band 2 answers a question: rows first, one sentence above them, prose never instead of the list."
"src/components/shell/AppShell.tsx","SHELL","App shell (M24)","n/a","topRail, taskMaster, children, composer, composerReserveExtra, chainRail, taskMasterExpanded","Fork of the kit's AppShell for the owner-directed composer relocation. Exports LEFT_PANE_PERCENT."
"src/components/shell/ChainDoor.tsx","SHELL","App shell (M24) / composer","n/a","doorId, projectId, disabledReason, className, children","Wraps whatever a page already draws (a card, a KPI, a table cell) and makes the wrapper a chain door."
"src/components/shell/ChainOptionsPanel.tsx","SHELL","App shell (M24) / composer","n/a","level, selectedId, onAdvance, onEmptyAction, loading, loadingLegend, error, onRetry, selectedIds, onToggle, uncheckedWord, secondary, countLine, bestFirstQuery, previewLimit, previewNoun","Band 2 of the composer where the chain is built; the mount for the kit's previously-unused OptionChain."
"src/components/shell/ChainRail.tsx","SHELL","App shell (M24)","n/a","chain, onCutFrom, onBack","The ERP (right) pane's half of the composer chain, merged into the right panel's top rail per the frozen mock."
"src/components/shell/Composer.tsx","SHELL","App shell (M24) / composer","n/a","chain, onCutFrom, onSegmentClick, onBack, onHome, onReset, instruction, sendLabel, canSend, errorMessage, busy, loaded, allModulesExpanded, onToggleAllModules, onToggleTasks, tasksExpanded, messages, conversation, pills, examples, value, onChange, onSubmit, placeholder, attachSlot, fieldsSlot, textareaRef, onHeightChange","PROJEXA's fork of the kit's shell Composer (decision D-09)."
"src/components/shell/ConfirmCard.tsx","SHELL","App shell (M24) / composer","n/a","title, fields, primaryLabel, primaryDisabledReason, onPrimary, secondaryLabel, onSecondary, tertiaryLabel, onTertiary, busy, error","The card band 2 shows before anything is written; enforces 'nothing is written until the primary is pressed'."
"src/components/shell/ControlStrip.tsx","SHELL","App shell (M24) / composer","n/a","chain, onCutFrom, onSegmentClick, onBack, onHome, onReset, prompt, loaded, allModulesExpanded, onToggleAllModules, onToggleTasks, tasksExpanded","PROJEXA's fork of the kit's shell ControlStrip."
"src/components/shell/ConversationBand.tsx","SHELL","App shell (M24) / composer","n/a","turns, currentProjectId, projectNameById, sending, onOpen, onDismissTurn, children","Band 2 rendered: the user's sentence as a right-hand bubble and the answer beneath it."
"src/components/shell/DropZone.tsx","FORM","App shell (M24) / composer","n/a","policy, files, onAdd, onRemove, onCancel, storageError, onRetry, disabled","The attach control filling the kit Composer's long-empty attachSlot, so a file no longer requires finding a module's create form."
"src/components/shell/M24Shell.tsx","SHELL","App shell (M24)","none (composes shell parts)","children","The M24 shell: the left rail is deleted, HOME is the grouped module directory in the right pane, and all 53 routes render inside it."
"src/components/shell/ModuleDirectory.tsx","SHELL","App shell (M24) / Home","n/a","projectId","HOME as the grouped module directory -- the thing that made deleting the left rail possible."
"src/components/shell/OptionChain.tsx","SHELL","App shell (M24) / composer","n/a","legend, options, kind, selectedId, onAdvance, multi, selectedIds, onToggle, groups, uncheckedWord, secondary, searchBy, countLine, bestFirstQuery, previewLimit, previewNoun","Fork of the kit's OptionChain adding grouped multi-select, search and preview counts (WS-C C-08)."
"src/components/shell/PillStrip.tsx","SHELL","App shell (M24) / composer","n/a","cards, screenCards, onSelectScreenCard, recent, onSelectRecent, onSelect, onTogglePin, loading, expanded, onToggleExpanded, allModules, onSelectModule, unknownKeys, footnote","Fork of the kit's PillStrip, now a CARD strip (owner approval D-10)."
"src/components/shell/project-context.tsx","SHELL","App shell (M24)","n/a","value, children","ONE ProjectContext read by the rail, breadcrumb, composer root and page data. Exports ProjectScopeProvider, useProjectScope."
"src/components/shell/shell-chain-context.tsx","SHELL","App shell (M24) / composer","n/a","value, children","One handle behind the three doors (header button, KPI number, composer card). Exports ShellChainProvider, useShellChain, useOpenDoor."
"src/components/shell/shell-messages.tsx","SHELL","App shell (M24)","n/a","children","The shell's persistent message area replacing toast.error. Exports ShellMessageProvider, useShellMessages, useShellMessage, ShellMessageStrip."
"src/components/shell/shell-screen-context.tsx","SHELL","App shell (M24)","n/a","children | moduleId, project, source | moduleId, kind, label, projectId","Reconciles the server-resolved page project with the shell's own state. Exports ShellScreenProvider, usePublishScreen, ScreenContext, ObjectContext."
"src/components/shell/task-row.ts","OTHER","App shell (M24) / Task Master","n/a","n/a (pure module)","Turns a pipeline_tasks row into a readable sentence and a tab. Exports toTaskRow, groupRowsByDay, tabView, TASK_TAB_IDS, humaniseFunctionId."
"src/components/shell/TaskMaster.tsx","SHELL","App shell (M24) / Task Master","n/a","tabs, activeTab, onTabChange, primary, secondary, system, onLoad, onRowAction","Fork of the kit's TaskMaster with three WS-C C-01 changes; the load-never-execute chain contract stays the kit's."
"src/components/shell/TopRail.tsx","SHELL","App shell (M24)","n/a","brand, organisation, project, projects, onSelectProject, openSignal, search, alerts, account","Fork of the kit's TopRail: a real project selector plus an organisation slot that can carry a sentence and a Retry."
"src/components/shell/use-screen-module.ts","OTHER","App shell (M24)","n/a","n/a (pure module)","Answers 'what sentence is this screen already in' so the composer strip stops describing another module. Exports screenModuleFor, useScreenModule."
"src/components/ui/accordion.tsx","OTHER","Design system (shadcn/ui)","n/a","React.ComponentProps passthrough (Radix react-accordion)","shadcn/ui Accordion wrapper: Accordion, AccordionItem, AccordionTrigger, AccordionContent."
"src/components/ui/alert-dialog.tsx","OTHER","Design system (shadcn/ui)","n/a","React.ComponentProps passthrough (Radix react-alert-dialog)","shadcn/ui AlertDialog; exit-animation utilities removed from Presence-gated portal nodes (R52 Gate 2 hang fix)."
"src/components/ui/alert.tsx","OTHER","Design system (shadcn/ui)","n/a","React.ComponentProps passthrough","shadcn/ui Alert, AlertTitle, AlertDescription."
"src/components/ui/aspect-ratio.tsx","OTHER","Design system (shadcn/ui)","n/a","React.ComponentProps passthrough (Radix react-aspect-ratio)","shadcn/ui AspectRatio."
"src/components/ui/avatar.tsx","OTHER","Design system (shadcn/ui)","n/a","React.ComponentProps passthrough (Radix react-avatar)","shadcn/ui Avatar, AvatarImage, AvatarFallback."
"src/components/ui/badge.tsx","OTHER","Design system (shadcn/ui)","n/a","React.ComponentProps passthrough + cva variants","shadcn/ui Badge; also exports badgeVariants."
"src/components/ui/breadcrumb.tsx","OTHER","Design system (shadcn/ui)","n/a","React.ComponentProps passthrough","shadcn/ui Breadcrumb primitives (List, Item, Link, Page, Separator, Ellipsis)."
"src/components/ui/button.tsx","OTHER","Design system (shadcn/ui)","n/a","React.ComponentProps passthrough + cva variants","shadcn/ui Button; also exports buttonVariants. Used directly by login/signup/invite and error pages."
"src/components/ui/calendar.tsx","OTHER","Design system (shadcn/ui)","n/a","React.ComponentProps passthrough","shadcn/ui Calendar and CalendarDayButton (react-day-picker)."
"src/components/ui/card.tsx","OTHER","Design system (shadcn/ui)","n/a","React.ComponentProps passthrough","shadcn/ui Card family (Header, Title, Description, Action, Content, Footer) -- the most widely used primitive in the app."
"src/components/ui/carousel.tsx","OTHER","Design system (shadcn/ui)","n/a","opts, plugins, orientation, setApi (+ ComponentProps)","shadcn/ui Carousel over embla; exports Carousel, CarouselContent, CarouselItem, CarouselPrevious, CarouselNext."
"src/components/ui/chart.tsx","OTHER","Design system (shadcn/ui)","n/a","config (ChartConfig) + ComponentProps","shadcn/ui chart container/tooltip/legend wrappers over Recharts; exports ChartConfig and ChartStyle."
"src/components/ui/checkbox.tsx","OTHER","Design system (shadcn/ui)","n/a","React.ComponentProps passthrough (Radix react-checkbox)","shadcn/ui Checkbox."
"src/components/ui/collapsible.tsx","OTHER","Design system (shadcn/ui)","n/a","React.ComponentProps passthrough (Radix react-collapsible)","shadcn/ui Collapsible, CollapsibleTrigger, CollapsibleContent."
"src/components/ui/command.tsx","OTHER","Design system (shadcn/ui)","n/a","React.ComponentProps passthrough (cmdk)","shadcn/ui Command palette primitives backing search-command.tsx."
"src/components/ui/context-menu.tsx","OTHER","Design system (shadcn/ui)","n/a","React.ComponentProps passthrough (Radix react-context-menu)","shadcn/ui ContextMenu; same R52 Gate 2 exit-animation removal as dialog.tsx."
"src/components/ui/dashboard-card.tsx","WIDGET","Design system (PROJEXA)","n/a","title, value, subtitle, icon, variant, className, href, hrefLabel, onClick","KPI tile that must have a destination ('every number is a door'): href for a route, onClick for router logic, hrefLabel names where it goes."
"src/components/ui/data-table.tsx","WIDGET","Design system (shadcn/ui)","n/a","columns, data, searchKey, searchPlaceholder, className","Generic TanStack-style DataTable with a filter box."
"src/components/ui/dialog.tsx","OTHER","Design system (shadcn/ui)","n/a","React.ComponentProps passthrough (Radix react-dialog)","shadcn/ui Dialog; exit-animation utilities removed from the Presence-gated overlay/content so Radix unmounts immediately (R52 Gate 2)."
"src/components/ui/drawer.tsx","OTHER","Design system (shadcn/ui)","n/a","React.ComponentProps passthrough (vaul)","shadcn/ui Drawer family."
"src/components/ui/dropdown-menu.tsx","OTHER","Design system (shadcn/ui)","n/a","React.ComponentProps passthrough (Radix react-dropdown-menu)","shadcn/ui DropdownMenu; same R52 Gate 2 exit-animation removal as dialog.tsx."
"src/components/ui/form-field.tsx","FORM","Design system (PROJEXA)","n/a","label, required, error, hint, className, children","Label/field association plus a place to render validation, fixing F_008 and the silent-submit-failure faults. Exports FieldErrors, hasErrors."
"src/components/ui/form.tsx","OTHER","Design system (shadcn/ui)","n/a","React.ComponentProps passthrough (react-hook-form + Radix label)","shadcn/ui react-hook-form bindings: Form, FormField, FormItem, FormLabel, FormControl, FormDescription, FormMessage, useFormField."
"src/components/ui/hover-card.tsx","OTHER","Design system (shadcn/ui)","n/a","React.ComponentProps passthrough (Radix react-hover-card)","shadcn/ui HoverCard, HoverCardTrigger, HoverCardContent."
"src/components/ui/input-otp.tsx","OTHER","Design system (shadcn/ui)","n/a","React.ComponentProps passthrough (input-otp)","shadcn/ui InputOTP, InputOTPGroup, InputOTPSlot, InputOTPSeparator."
"src/components/ui/input.tsx","OTHER","Design system (shadcn/ui)","n/a","React.ComponentProps<'input'>","shadcn/ui Input."
"src/components/ui/label.tsx","OTHER","Design system (shadcn/ui)","n/a","React.ComponentProps passthrough (Radix react-label)","shadcn/ui Label."
"src/components/ui/menubar.tsx","OTHER","Design system (shadcn/ui)","n/a","React.ComponentProps passthrough (Radix react-menubar)","shadcn/ui Menubar; same R52 Gate 2 exit-animation removal as dialog.tsx."
"src/components/ui/money-input.tsx","FORM","Design system (PROJEXA)","n/a","currency, pending, className, ...input props","Money input with the currency as a fixed in-box prefix (not a placeholder or a label), so the unit is visible while typing."
"src/components/ui/navigation-menu.tsx","OTHER","Design system (shadcn/ui)","n/a","React.ComponentProps passthrough (Radix react-navigation-menu)","shadcn/ui NavigationMenu family; also exports navigationMenuTriggerStyle."
"src/components/ui/pagination.tsx","OTHER","Design system (shadcn/ui)","n/a","isActive (+ ComponentProps)","shadcn/ui Pagination family."
"src/components/ui/popover.tsx","OTHER","Design system (shadcn/ui)","n/a","React.ComponentProps passthrough (Radix react-popover)","shadcn/ui Popover; same R52 Gate 2 exit-animation removal as dialog.tsx."
"src/components/ui/progress.tsx","OTHER","Design system (shadcn/ui)","n/a","React.ComponentProps passthrough (Radix react-progress)","shadcn/ui Progress, recoloured off saffron (an action colour) to dusty blue, turning sage at 100%."
"src/components/ui/radio-group.tsx","OTHER","Design system (shadcn/ui)","n/a","React.ComponentProps passthrough (Radix react-radio-group)","shadcn/ui RadioGroup, RadioGroupItem."
"src/components/ui/resizable.tsx","OTHER","Design system (shadcn/ui)","n/a","React.ComponentProps passthrough (react-resizable-panels)","shadcn/ui ResizablePanelGroup, ResizablePanel, ResizableHandle."
"src/components/ui/scroll-area.tsx","OTHER","Design system (shadcn/ui)","n/a","React.ComponentProps passthrough (Radix react-scroll-area)","shadcn/ui ScrollArea, ScrollBar."
"src/components/ui/select.tsx","OTHER","Design system (shadcn/ui)","n/a","React.ComponentProps passthrough (Radix react-select)","shadcn/ui Select family; same R52 Gate 2 exit-animation removal as dialog.tsx."
"src/components/ui/separator.tsx","OTHER","Design system (shadcn/ui)","n/a","React.ComponentProps passthrough (Radix react-separator)","shadcn/ui Separator."
"src/components/ui/sheet.tsx","OTHER","Design system (shadcn/ui)","n/a","React.ComponentProps passthrough (Radix react-dialog)","shadcn/ui Sheet family (side panel over Radix Dialog)."
"src/components/ui/sidebar.tsx","OTHER","Design system (shadcn/ui)","n/a","SidebarContext: state, open, setOpen, openMobile, setOpenMobile, isMobile, toggleSidebar (+ ComponentProps)","shadcn/ui sidebar kit (24 exports incl. SidebarProvider, SidebarMenu*, useSidebar)."
"src/components/ui/skeleton.tsx","OTHER","Design system (shadcn/ui)","n/a","React.ComponentProps<'div'>","shadcn/ui Skeleton block."
"src/components/ui/slider.tsx","OTHER","Design system (shadcn/ui)","n/a","React.ComponentProps passthrough (Radix react-slider)","shadcn/ui Slider."
"src/components/ui/sonner.tsx","OTHER","Design system (shadcn/ui)","n/a","(none)","sonner Toaster wrapper mounted once in the root layout."
"src/components/ui/status-pill.tsx","WIDGET","Design system (PROJEXA)","n/a","tone, label, className | status, label, className | status, className","THE status chip: one component, one STATUS_MAP, glyph + word + token colour. Exports StatusPillTone, StatusPill, StatusPillFor, toSemanticStatus."
"src/components/ui/switch.tsx","OTHER","Design system (shadcn/ui)","n/a","React.ComponentProps passthrough (Radix react-switch)","shadcn/ui Switch."
"src/components/ui/table.tsx","OTHER","Design system (shadcn/ui)","n/a","React.ComponentProps passthrough","shadcn/ui Table family used by most bespoke list screens."
"src/components/ui/tabs.tsx","OTHER","Design system (shadcn/ui)","n/a","React.ComponentProps passthrough (Radix react-tabs)","shadcn/ui Tabs, TabsList, TabsTrigger, TabsContent."
"src/components/ui/textarea.tsx","OTHER","Design system (shadcn/ui)","n/a","React.ComponentProps<'textarea'>","shadcn/ui Textarea."
"src/components/ui/toast.tsx","OTHER","Design system (shadcn/ui)","n/a","React.ComponentProps passthrough (Radix react-toast)","shadcn/ui Radix toast primitives; exports ToastProps and ToastActionElement types."
"src/components/ui/toaster.tsx","OTHER","Design system (shadcn/ui)","n/a","(none)","Radix-toast Toaster host that renders the toast queue."
"src/components/ui/toggle-group.tsx","OTHER","Design system (shadcn/ui)","n/a","React.ComponentProps passthrough (Radix react-toggle-group)","shadcn/ui ToggleGroup, ToggleGroupItem."
"src/components/ui/toggle.tsx","OTHER","Design system (shadcn/ui)","n/a","React.ComponentProps passthrough (Radix react-toggle)","shadcn/ui Toggle; also exports toggleVariants."
"src/components/ui/tooltip.tsx","OTHER","Design system (shadcn/ui)","n/a","React.ComponentProps passthrough (Radix react-tooltip)","shadcn/ui Tooltip, TooltipTrigger, TooltipContent, TooltipProvider."
"src/components/veri-chat/HomeThreadSlot.tsx","SHELL","VERI chat / composer","n/a","(none)","AppShellFrame's homeThreadSlot: on HOME_ROUTE the right panel is hidden and this renders inline in the main content area."
"src/components/veri-chat/veri-chat-context.tsx","SHELL","VERI chat / composer","n/a","children","Thin wrapper over the kit's createVeriChatContext(); layers PROJEXA's real state and merges two capability trees. Exports HOME_ROUTE, VeriChatProvider, useVeriChat."
"src/components/veri-chat/VeriChatPanel.tsx","SHELL","VERI chat / composer","n/a","(none)","PROJEXA's port of VERIDIAN's right-hand chat panel with its own view tabs; 'Tasks' is renamed 'Queries'."
"src/components/veri-chat/VeriComposer.tsx","SHELL","VERI chat / composer","n/a","(none)","PROJEXA's port of VERIDIAN's VeriComposer, mounted once in the app layout; mode pills plus cascading chain rows from two real capability trees."
