"Step_No","Step_Name","File_Path","Function_Or_Component","Input","Output","Side_Effects","Notes"
"1","Shell mounts; message store sits above the shell","src/components/shell/M24Shell.tsx","M24Shell (default export)","children (the routed ERP page)","<ShellMessagesProvider><M24ShellBody>{children}</M24ShellBody></ShellMessagesProvider>","Creates the plural (log) message store","Lines 520-532. Provider must be above the body because M24ShellBody is itself one of the store's writers (pushReceipt)."
"2","Shell body reads router + pathname","src/components/shell/M24Shell.tsx","M24ShellBody","none","router (useRouter), pathname (usePathname), useShellMessages()","none","Lines 534-541."
"3","Session bootstrap fetched once, revalidated in background","src/lib/shell-store.ts","useShell / loadShell / fetchBootstrap","{enabled}","ShellBootstrapPayload + {errors, loaded, refresh}","GET /api/shell via readJsonWithRetry (2 attempts); 30s SHELL_FAILURE_COOLDOWN_MS; last known-good data kept on failure","Per-key freshness: organization/projects/pillUsage 5 min, notifications 1 min, capabilityTree/currencies 24 h, vendors 10 min. Module-level cache + listener set, survives remount."
"4","Bootstrap server handler","src/app/api/shell/route.ts","GET (wrapped in withTiming)","session cookie via requireAuth()","{organization, role, email, userId, projects, notifications, unreadCount, pillUsage, recentChains, history, isNewUser, capabilityTree, currencies, vendors, fetchedAt, errors}","8 concurrent reads via Promise.allSettled (Supabase orgs/notifications + callVeridianResult /dashboard, /pill-usage?limit=6, /capability-tree, /currencies, /vendors)","export const dynamic = ""force-dynamic"". allSettled not all: a failed pill ranking must not blank the org name; each failure named in `errors`."
"5","URL -> the four screen facts","src/components/shell/use-screen-module.ts","useScreenModule / screenModuleFor(pathname)","pathname from usePathname()","{pathname, module, chainModule, createSegment, shipped}","none (pure)","Answers module / chainModule / createSegment / shipped in ONE place. shipped comes from isShippedRoute() in src/lib/nav-routes.ts."
"6","URL -> ?projectId= and the full query string","src/components/shell/M24Shell.tsx","RouteProjectIdReader (lines 486-505)","useSearchParams()","calls onChange(id) and onSearch(params.toString())","setRouteProjectId(id), setRouteSearch(search) in the shell","Renders null. Sits inside <Suspense fallback={null}> in the topRail slot so useSearchParams() does not opt every app route out of static rendering."
"7","THE URL WINS: the chain root project","src/components/shell/M24Shell.tsx","project / projectId derivation (line ~1509, comment 'A-13 -- ONE ROOT, AND THE URL WINS')","routeProject, objectProject, routeScreen?.project, railProject","project, projectId","none","Literal: `const project = routeProject ?? objectProject ?? routeScreen?.project ?? railProject`. Precedence: URL ?projectId= > record the URL names > screen-published > rail's remembered choice."
"8","How the project was chosen, for the rail label","src/components/shell/M24Shell.tsx","projectSource + railLabelProject useMemo","project, projectSource","'route' | screen source | 'preference' | null; label becomes '<name> (auto-selected)' when source is 'auto'","none","The STRIP keeps the plain name; only the rail admits an automatic choice."
"9","Which module the composer is about","src/components/shell/M24Shell.tsx","selectedModule / activeModule / promptModule useMemos (~1550-1568)","segments, screen.module, screen.chainModule","selectedModule = MODULE_CATALOGUE entry matching the first kind==='action' segment; activeModule = selectedModule ?? chainModule; promptModule = selectedModule ?? screenModule","none","Derived from the chain, never held as separate state - that is how the two would drift."
"10","Mode is derived, not chosen","src/lib/chain-mode.ts","deriveMode(segments)","chain segments","'projects' | 'customers' | 'vendors'","none","Mode tab row (Projects|Customers|Vendors) was deleted along with its sessionStorage key 'veri.chain.mode'. The value still travels in the POST body."
"11","The chain object is assembled","src/components/shell/M24Shell.tsx","chain useMemo (lines ~1587-1609)","mode, project, objectSegment, chainModule, screen.createSegment, segments","Chain {mode, segments}","none","Fixed 'root' segments in order: project, then object-segment OR `screen:<moduleId>`, then create-page segment; the user's own steps are appended after them."
"12","Rule for what survives a navigation (pure)","src/lib/chain-navigation.ts","navigationOutcome({loaded, nextPathname})","LoadedChainFacts|null, next pathname","'keep' | 'clear-all' | 'clear-segments'","none","keep = pinned, or arriving at the loaded chain's own route. clear-all = loaded chain, gone elsewhere. clear-segments = ordinary navigation."
"13","Navigation effect carries that rule out","src/components/shell/M24Shell.tsx","useEffect on screen.pathname (line ~2840)","outcome from navigationOutcome","cleared chain state","setSegments([]), setPendingFunctionId(null), setArmedCard(null), setNotice(null); on 'clear-all' also setDraft('') and setLoaded(null)","On an ordinary navigation the typed DRAFT deliberately survives - words a person typed are theirs."
"14","30/70 frame","src/components/shell/AppShell.tsx","AppShell","topRail, taskMaster, children, composer, composerReserveExtra, chainRail, taskMasterExpanded","left <aside> at LEFT_PANE_PERCENT=30 (aria-label 'Task Master'), right <main> flex-1","none","Root is h-[100svh] flex flex-col overflow-hidden. Fork of the kit's AppShell whose only structural change is where the composer mounts."
"15","One shared left card","src/components/shell/AppShell.tsx","aside inner wrapper div","-","relative flex min-h-0 flex-1 flex-col rounded-xl border, white background","Its position:relative is what Composer's `absolute inset-x-0 bottom-0` anchors to","Deliberately NO overflow-hidden so the docked composer can grow upward past its resting height."
"16","Task Master area gets a real height, not scroll padding","src/components/shell/AppShell.tsx","inner scroll div style.height","taskMasterExpanded, COMPOSER_RESTING_HEIGHT (112), composerReserveExtra","`calc(100% - (112 + extra)px)` when expanded, 0 when collapsed","none","Padding-bottom only cleared the composer at the very end of the scroll; a real shorter box clears it at ANY scroll position."
"17","Right pane container","src/components/shell/AppShell.tsx","<main className='min-h-0 min-w-0 flex-1 overflow-y-auto'>","chainRail, children","sticky chainRail band + the routed ERP screen","none","No bottom padding reserved: the composer never overlays this pane, so the ERP screen keeps its full height."
"18","Composer root: docked vs undocked","src/components/shell/Composer.tsx","Composer root div (ref=rootRef)","dockedOverTaskMaster (M24Shell passes tasksExpanded)","docked: 'pointer-events-none absolute inset-x-0 bottom-0 z-20 ... maxHeight 62vh'. undocked: 'relative flex min-h-0 flex-1 flex-col'","none","Default state is UNDOCKED because tasksExpanded starts false (M24Shell line 718) - the mock's default view has no Task Master pane."
"19","LEFT SPLIT PART 1 (top third): Frequent actions","src/components/shell/Composer.tsx","`pills` slot wrapper div","pills ReactNode","undocked: 'min-h-0 h-1/3 shrink-0 grow-0 overflow-y-auto'. docked: 'min-h-0 shrink overflow-y-auto' with maxHeight 40vh","none","R80 PART 4, owner's words: 'PART 1 (TOP LEFT) - FREQUENT ACTIONS'."
"20","LEFT SPLIT PART 2 (middle third): mode pills / option-selection chain","src/components/shell/Composer.tsx","conversation + ControlStrip wrapper div","conversation ReactNode, chain props","undocked: 'flex min-h-0 h-1/3 shrink-0 grow-0 flex-col overflow-hidden' containing the scrolling conversation box and the bordered ControlStrip","none","Owner's words: 'PART 2 (MIDDLE LEFT) - MODE PILLS / OPTION SELECTION CHAIN'. The two were independent siblings before; merged into one band so the middle third is one coherent third."
"21","LEFT SPLIT PART 3 (bottom third): the chat box","src/components/shell/Composer.tsx","fieldsSlot + textarea + Send button + examples + attach row wrapper","value, onChange, onSubmit, sendLabel, canSend, busy, errorMessage, examples, attachSlot, fieldsSlot","undocked: 'min-h-0 h-1/3 shrink-0 grow-0 overflow-y-auto'. docked: 'shrink-0'","none","Owner's words: 'PART 3 - (BOTTOM LEFT) - CHAT BOX'."
"22","Composer measures its own height","src/components/shell/Composer.tsx","dependency-free useLayoutEffect + ResizeObserver on rootRef","rendered bounding rect","onHeightChange(px)","M24Shell setComposerHeight -> AppShell composerReserveExtra = Math.max(COMPOSER_PILLS_BAND_RESERVE(96), composerHeight - 112)","Replaces a static 208px guess that undercounted by 238px in a measured real state, covering task-row buttons."
"23","Textarea autosizes itself","src/components/shell/Composer.tsx","dependency-free useLayoutEffect + ResizeObserver on the textarea's parent","scrollHeight","style.height = `${Math.min(scrollHeight, 220)}px`","none","No drag, no resize handle, no pin - the box sizes itself."
"24","Ranked cards computed","src/lib/pill-ranking.ts (rankCards) with src/lib/card-catalogue.ts","rankCards({ranked, role, excludeModuleId, limit:6})","rankedPills (from bootstrap pillUsage), info?.role, selectedModule?.id ?? screenModule?.id","{cards: CardDef[], unknownKeys: string[]}","none","Order from the server ranking when there is one, else the role's cold-start order. A newly arrived ranking is applied only at the NEXT navigation, never under a moving finger."
"25","This screen's own cards computed from route + tab + query","src/lib/composer-cards.ts","cardsFor(pathname, tab, search) via M24Shell screenCards useMemo (~2265)","pathname, new URLSearchParams(routeSearch).get('tab'), routeSearch","ScreenCard[]","none","Keyed by route AND tab AND query string, so 'Expiring soon' is live on /permits and dead on /permits?withinDays=30."
"26","PillStrip renders the top third","src/components/shell/PillStrip.tsx","PillStrip","cards, screenCards, recent, onSelect*, onTogglePin, loading, expanded, allModules, onSelectModule, unknownKeys, footnote","'Frequent actions' heading + a flex-col stack of full-width rows (screen cards, 'Do again', ranked cards) + the expanded All-modules catalogue","console.warn ONCE per distinct unknownKeys set","M24Shell passes screenCards={selectedModule ? [] : screenCardViews} - a picked module stands this row down. Never re-sorts; renders `cards` in the given order."
"27","Click a screen card","src/components/shell/M24Shell.tsx","onScreenCardSelect (line 2276)","cardId","setSegments(chainForScreenCard(card, chainModule?.id ?? null))","bumpUsage -> POST /api/pill-usage; clears pendingFunctionId/armedCard/platformNotice; then either router.push(hrefForScreenCard(...)) OR load-and-stop (setAwaitingText(true) + composerRef.focus()); requestProject(noProjectPromptFor(mod)) when the module needs a project and none is resolved","A card click NEVER executes - the callback carries a card id, a plain string."
"28","Click a ranked card (arms the pill path)","src/components/shell/M24Shell.tsx","onCardSelect (line 2046)","cardId","setSegments([{id:card.id,label:card.label,kind:'action'}])","bumpUsage; setPendingFunctionId(knownFunctionId) and setArmedCard(card) when a real functionId is known (then RETURNS, no navigation); otherwise router.push(cardHref(card, projectId)); setNotice(null)","functionId resolved from card.functionId, pillFnRef, or rankedKeyForCard(). An armed card means the server needs no classifier call at Send."
"29","Click an entry in the expanded All-modules list","src/components/shell/M24Shell.tsx","onModuleEntrySelect (line ~2115)","entryId (from pillEntryById)","branches on entry.destination","'input': normalise draft to '' + setAwaitingText(true) + focus box. 'rail': requestProject('Choose a project in the top rail'). 'module': selectEntity(mod). 'view': setSegments + router.push(pillHref). 'platform': setPlatformNotice(label). All: setShowAllPills(false), setPlatformNotice(null) first","Destinations come from the table in src/lib/pill-routes.ts. 'Other - type it' writes nothing into the box or the strip. bumpUsage only for rankable entries."
"30","Alt+letter pill shortcut","src/components/shell/M24Shell.tsx","window 'keydown' useEffect + matchPillShortcut (~line 3045)","KeyboardEvent","entry id","event.preventDefault(); onModuleEntrySelect(entry.id)","Chord is Alt+<letter>, never a bare letter, and the listener is on window so it still works while the textarea has focus."
"31","'Do again' recent chain","src/components/shell/M24Shell.tsx","onRecentSelect","RecentCardView (from bootstrap recentChains)","the recorded chain restored into the strip","bumpUsage; loads and stops - pendingFunctionId is left null so Send is NOT armed","Deliberately does NOT carry the old task's parameters."
"32","Usage recorded server-side","src/components/shell/M24Shell.tsx -> src/app/api/pill-usage/route.ts","bumpUsage (line 1716) / chainForUsage","pillKey, {root, steps, full}","-","POST /api/pill-usage, fire-and-forget (.catch(() => {}))","Feeds the ranking that orders band 3 on the next navigation."
"33","Picking a module narrows the sentence","src/components/shell/M24Shell.tsx","selectEntity (line 2018)","ModuleDef","setSegments([{id:mod.id,label:mod.label,kind:'action'}])","clears pendingFunctionId, armedCard, awaitingText, platformNotice, projectPrompt, notice, loadedChain","Does NOT navigate - D-08/C-09: the second level is verbs, and it is the VERB that navigates."
"34","Middle-band content chosen (option-selection chain)","src/components/shell/M24Shell.tsx","optionLevel useMemo (line ~3057)","platformNotice, missingSendItems, projects, projectId, selectedModule, screen.createSegment, segments","one ReactNode or null","none","Strict precedence: (1) platformNotice line + 'Open VERIDIAN' link; (2) OptionChain legend 'Which project?' when missingSendItems includes MISSING_PROJECT and projects.length>0; (3) ChainOptionsPanel legend 'Which step?' for a picked module's leaves; else null. Returns null on a create route."
"35","Project chips advance","src/components/shell/OptionChain.tsx","OptionChain onAdvance","{id, label, kind:'root'}","-","chooseProject(segment.id)","options = projects.map(p => ({id: p.id, label: p.name})); selectedId = projectId."
"36","Module-verb chips advance","src/components/shell/ChainOptionsPanel.tsx -> src/components/shell/OptionChain.tsx","ChainOptionsPanel level={{legend:'Which step?', kind:'step', options}}","leaves from chainOptionsFor(selectedModule) in src/lib/module-catalogue.ts; selectedId = first kind==='step' segment","chip row (or skeletons/error+Retry when loading/error, which never fire here)","onAdvance -> onLeafSelect(selectedModule, leaf)","SELECTING AN OPTION NEVER EXECUTES - onAdvance hands back a segment; the leaf's own route is what opens. chainOptionsFor is synchronous, so the panel degrades to a plain chip row."
"37","Leaf selected -> chain extended AND the right panel navigates","src/components/shell/M24Shell.tsx","onLeafSelect (line 2232)","(mod: ModuleDef, leaf: ModuleLeaf)","segments append {id, label, kind:'step'} (deduped by id)","bumpUsage; requestProject(noProjectPromptFor(mod)) and RETURN when leaf.needsProject !== false and !projectId; otherwise setProjectPrompt(null) then router.push(moduleHref(leaf, projectId))","moduleHref adds ?projectId= unless target.needsProject === false. This is the option-chain path's write to the right panel."
"38","Conversation band precedence","src/components/shell/M24Shell.tsx","`conversation` prop of <Composer> (line ~3435)","pendingVerdict, answer, notice, optionLevel","exactly one node","none","Order: ConfirmCard (pending verdict) > AnswerBlock (rows) > notice ('Understood: <chain>' + text) > optionLevel. A pending verdict outranks everything - it stands between the last Send and a write."
"39","ControlStrip renders the chain sentence + the control row","src/components/shell/ControlStrip.tsx","ControlStrip","chain, onCutFrom, onSegmentClick, onBack, onHome, onReset, prompt, loaded, allModulesExpanded, onToggleAllModules, onToggleTasks, tasksExpanded","'<project> > <module> > <step>' with a 'Remove' button per cuttable segment, the prompt after the last segment, an optional Pin control, then All modules | Tasks | Back | Home | Reset","none","Root segment: shrink-0, max-w-[34ch], 2-line clamp. Later segments: truncate max-w-[22ch] plus truncateSegmentLabel(label, 22). Empty chain renders `prompt ?? 'Select a module to begin'` at data-testid='composer-prompt'."
"40","Remove a segment (the (x) path)","src/components/shell/M24Shell.tsx","onCutFrom(index) (line ~1616)","segment index","setSegments(cutChainFrom(chain, index).segments.filter(s => s.kind !== 'root'))","clears the draft if draft.trim() === the removed segment's label","This component never slices the segment array itself; the clamp rule lives in the kit."
"41","Kit clamp that protects the project root","node_modules/@fchecklist/veridian-ui-kit/src/shell/chain.ts","firstCuttableIndex / canCutAt / cutChainFrom / resetChain","Chain, index","clamped Chain","none","floor = segments.map(kind).lastIndexOf('root') + 1; a cut reaching into the root is clamped, never applied. Pinned git dependency - present in node_modules but NOT tracked in this repo, so it cannot be edited here (CI's frozen-lockfile install would erase it)."
"42","Back","src/components/shell/M24Shell.tsx / src/components/shell/ControlStrip.tsx","onBack -> onCutFrom(chain.segments.length - 1)","-","one segment removed","same side effects as (x), including the draft clear","Not a new mechanism. Disabled (not hidden) when canCutAt(chain, last) is false."
"43","Reset","src/components/shell/M24Shell.tsx","onReset (line ~1641)","-","setSegments(resetChain(chain).segments.filter(kind !== 'root')) = []","clears pendingFunctionId, armedCard, awaitingText, platformNotice, draft, submitError, projectPrompt, loadedChain; composerRef.current?.focus()","Reset clears everything the user can see, including the typed draft and any armed function."
"44","Home","src/components/shell/M24Shell.tsx","onHome (line ~3403)","-","-","on screen.pathname === HOME_ROUTE ('/dashboard'): setShowAllPills(true). Otherwise router.push(HOME_ROUTE)","HOME_ROUTE is defined in src/components/veri-chat/veri-chat-context.tsx line 40."
"45","All modules toggle","src/components/shell/ControlStrip.tsx -> src/components/shell/M24Shell.tsx","onToggleAllModules","-","setShowAllPills(v => !v)","PillStrip's expanded catalogue opens/closes in place","The toggle's TRIGGER moved to the control strip per the frozen mock; the panel it opens still lives in PillStrip. Button label flips 'All modules' / 'Show fewer'."
"46","Tasks toggle - flips the whole left-pane layout","src/components/shell/ControlStrip.tsx -> src/components/shell/M24Shell.tsx","onToggleTasks","-","setTasksExpanded(v => !v)","Flows to AppShell taskMasterExpanded (Task Master reserved height 0 vs calc(100% - ...)) and to Composer dockedOverTaskMaster (normal flow + three thirds vs absolute bottom-docked)","Falls back to onHome when the prop is absent. tasksExpanded initial state is false (M24Shell line 718)."
"47","User types in the box","src/components/shell/Composer.tsx","textarea onChange / onFocus / onKeyDown","keystrokes","onChange(e.target.value)","setDraft in M24Shell; lastTypedRef.current updated. onFocus selects the whole value when `value && value !== lastTypedRef.current` (a value the user did not type reads as a replaceable draft)","Enter without Shift submits when !sendDisabled; Shift+Enter newlines. aria-label 'Describe the task'."
"48","Composer state assembled","src/components/shell/M24Shell.tsx","composerState useMemo (line ~2963)","screen.shipped, projectsLoaded, projects.length, project, activeModule, selectedModule, screenObject, armedCard, draft, segments, awaitingText, submitting, submitError, projectPrompt","ComposerState {shipped, hasProjects, hasProject, projectRequired, projectName, moduleLabel, action, missing, hasText, hasSegment, awaitingText, busy, error}","none","`missing: []` is hard-coded - stated honest limit: the closed-vocabulary missing-field payload does not exist yet, so no missing-step state is reachable from the client."
"49","Strip sentence, button name and enablement all derived from that one state","src/lib/chain-status.ts","chainStatus / chainPrompt / sendLabel / canSend / missingThings","ComposerState","instruction, sendButtonLabel, sendEnabled, missingSendItems","none","chainStatus precedence: not-found > sending > error > no-projects > no-project > missing-step:<key> > ready-pill > ready-text > no-action. sendLabel gives 'Save <object>' / 'Ask' / 'Run' when armed, else 'Send (pick a project, say what you need)'. Never 'Sending...'."
"50","Send pressed","src/components/shell/Composer.tsx","send button (data-testid='composer-send') onClick, or Enter keydown","-","onSubmit()","none","sendDisabled = !canSend || busy || !onSubmit. Button box is a real 44x44 hit area with a 26px saffron circle inside (navy arrow, Loader2 spinner while busy). aria-label = sendLabel, title = instruction || sendLabel."
"51","Submit builds and posts the body","src/components/shell/M24Shell.tsx","onSubmit (line 2325)","draft, pendingFunctionId, mode, projectId, chainModule","parsed JSON response `d`","POST /api/tasks with {functionId, params:{}, mode, projectId, selectedChain} (pill path) or {rawInput, mode, projectId, selectedChain} (typed path). setSubmitting(true), setSubmitError(null), setNotice(null). Guard: returns early if submitting, or if no typed text and no pendingFunctionId","selectedChain hint = {module, label, route} from chainModule. Status is checked before the body (an error body parses fine and is truthy)."
"52","PROJEXA proxies to VERIDIAN","src/app/api/tasks/route.ts","POST (withTiming) / GET (withTiming)","JSON body / query params","VERIDIAN's response, forwarded","requireAuth() then callVeridian('/tasks', {method:'POST', ...}); GET forwards only projectId, status, limit, cursor","export const dynamic = 'force-dynamic'. Reads compliance.pipeline_tasks (via VERIDIAN), deliberately NOT the older compliance.tasks that /api/todos uses."
"53","Verdict branch: needs_input","src/components/shell/M24Shell.tsx","onSubmit branch","verdict.status === 'needs_input'","setNotice({chain, text: messageFor(gap.code)})","The typed words stay in the box; nothing minted","Question comes from the closed vocabulary in src/lib/task-errors.ts / src/lib/conversation.ts - never a raw parameter name."
"54","Verdict branch: gap | answered | chat","src/components/shell/M24Shell.tsx","onSubmit branch","verdict.status in {gap, answered, chat}","answerRowsFrom(verdict.answer?.rows): rows -> setAnswer({heading, rows}) rendered by AnswerBlock; otherwise setNotice({chain, text})","setDraft(''); await loadTasks()","Heading is maskTechnical(verdict.message) or 'Here is what I found'."
"55","Verdict branch: confirmable -> pause for a click","src/components/shell/M24Shell.tsx","onSubmit branch","verdict.confirmable && verdict.submissionId","setPendingVerdict({submissionId, functionId, label, chain}); setConfirmError(null)","ConfirmCard takes over band 2; NO write yet","This used to auto-fire the second POST with nothing shown in between. Now only ConfirmCard's own onPrimary fires it."
"56","Confirm commits the write","src/components/shell/M24Shell.tsx + src/components/shell/ConfirmCard.tsx","onConfirmVerdict (line 2549)","pendingVerdict","new response / fresh verdict","POST /api/tasks {confirm:true, submissionId, functionId, params:{}}; setConfirmBusy/setConfirmError","Handles 404 not_found, HTTP-200 needs_input (asks the same question again) and 409 refusal."
"57","Verdict branch: ready + link -> RIGHT PANEL CHANGES","src/components/shell/M24Shell.tsx","onSubmit branch","verdict.status === 'ready' && verdict.links[0].route","setNotice({chain, text:null})","router.push(verdict.links[0].route)","A COMMAND verb executes nothing server-side - it opens the screen that already does the thing. Navigating IS the action, so there is nothing to confirm."
"58","Minted rows inserted optimistically + polled","src/components/shell/M24Shell.tsx","onSubmit tail","d.tasks[] (taskId, functionId, status, failure, segmentText)","task rows in Task Master","upsertTask(api, true), optimisticIdsRef.add, pollTaskRef.current(taskId) for non-terminal rows; setCounts bump (null counts stay null); invalidateShell('pillUsage'); setDraft(''), setPendingFunctionId(null), setArmedCard(null), setAwaitingText(false)","POLL_FAST_MS 1000 for POLL_FAST_FOR_MS 10000, then POLL_SLOW_MS 5000, give up after POLL_GIVE_UP_MS 5 min. TERMINAL_TASK_STATUSES = done, blocked."
"59","Right panel content is the Next.js route","src/components/shell/AppShell.tsx","<main>{chainRail}{children}</main>","the routed page element passed as M24Shell's children","the ERP screen","none","The right panel changes ONLY through a Next.js navigation (router.push from steps 27/28/29/37/57, or router.refresh/push from step 61) - nothing in the composer re-renders the right pane directly."
"60","Chain rail mirrored onto the right pane","src/components/shell/ChainRail.tsx","ChainRail({chain, onCutFrom, onBack})","the SAME chain and onCutFrom already given to <Composer>","sticky <nav aria-label='Current composer chain'> above the routed screen, with Back and per-segment Remove","none","Returns null when chain.segments.length <= 1, so a page with only the project root shows nothing extra and no duplicate breadcrumb. Wrapped in 'sticky top-0 z-10' by AppShell."
"61","Choosing a project writes the URL (the URL wins, both ways)","src/components/shell/M24Shell.tsx","chooseProject (line 1743)","nextId | null","-","setProjectPrompt(null); setRailProjectId(nextId); writeStoredProjectId(nextId) (localStorage + cookie, name in src/lib/project-selection.ts). If routeProjectId: copy window.location.search, set/delete 'projectId', router.push same path with every OTHER param preserved. Else on an object page: router.push(railDestinationForObject(...)). Else router.refresh()","One writer, reached from the TopRail switcher, the band-2 project chips and ProjectScope.selectProject - so the rail and the pane cannot disagree."
"62","Top rail hosts the project switcher","src/components/shell/TopRail.tsx","TopRail({brand, organisation, project, projects, onSelectProject, openSignal, search, alerts, account})","projects list, railLabelProject, openSignal","header band with brand / org / project pill + listbox, search, notifications, account","choose(next) closes the list and calls onSelectProject(next) -> chooseProject(next?.id ?? null)","Closes on Escape and outside mousedown. openSignal (setSwitcherOpenSignal counter) lets the breadcrumb and chooser cards open this one list instead of growing their own."
"63","Project published to every page under the shell","src/components/shell/M24Shell.tsx + src/components/shell/project-context.tsx","ProjectScopeProvider value={projectScope}","{projects, project, projectId, projectsLoaded, selectProject, openSwitcher}","React context","none","Nothing below this line derives its own project - that is what closes the rail-says-X / page-shows-Y split brain."
"64","Two message surfaces, deliberately not merged","src/lib/shell-messages.tsx and src/components/shell/shell-messages.tsx","ShellMessageRegion (plural log, passed as Composer's `messages`) / ShellMessageProvider + ShellMessageStrip (singular, keyed page error)","receipts / a page's current error","region above the composer box; strip at the foot of the right pane","none","The plural log is sessionStorage-persisted and survives exactly one navigation; the singular strip has key/replace/withdraw semantics. Neither substitutes for the other."
"65","Chain-options HTTP level resolver exists but is NOT on this path","src/app/api/chain-options/route.ts, src/lib/chain-options.ts, src/lib/chain-walk.ts","GET /api/chain-options?projectId=&path=... ; levelSourceFor / normaliseLevel / levelPathForStep / LEVEL_FOR_STEP","level path, projectId","ChainOptionsLevel","none","Grep of src/ finds no caller: M24Shell builds band 2 from the synchronous chainOptionsFor(mod). Known level paths: work_progress/record_progress (BOQ), manpower/mark_attendance (roster), work_progress/upload_photos (BOQ), work_progress/record_progress/<code> (static value level)."
