"Flow_Id","Persona","Goal","Entry_Point_Route","Steps","Screens_Touched","Data_Created","Preconditions","E2E_Spec_Path"
"F-01","Any authenticated role (owner/admin/pm/site_engineer/member/client_viewer)","Sign in to the app","/login","1. Fill #email 2. Fill #password 3. Click button[type=submit] (supabase.auth.signInWithPassword) 4. Land on /dashboard","/login, /dashboard","Supabase auth session cookies only","A seeded account exists in the org (e2e/users.ts lists 4 for 'Meridian Construction Group (E2E Test Org)')","e2e/auth.setup.ts"
"F-02","Prospective owner (POST /api/org/provision is policy 'PUBLIC' in src/lib/authz/api-write-policy.ts)","Self-serve signup that also provisions a new organisation","/signup","1. Fill #orgName 2. Fill #email 3. Fill #password (minLength 6) 4. Submit -> supabase.auth.signUp 5. App POSTs /api/org/provision 6. router.push('/dashboard')","/signup, /dashboard","organizations row + owner membership (via /api/org/provision)","No existing session","NONE (no e2e spec covers this flow)"
"F-03","ANY_ROLE (all 6 roles; /org/invites/accept)","Accept an invitation and join an existing org","/invite/[token]","1. Page GETs /api/org/invites/preview?token= 2. If logged out click 'Sign in to accept' (routes to /login?redirectTo=/invite/<token>) 3. Click 'Join <org name>' 4. POST /api/org/invites/accept","/invite/[token], /login","memberships row for the invited user","A valid, unexpired invite token issued by an org admin (F-04)","NONE (no e2e spec covers this flow)"
"F-04","ORG_ADMIN (owner/admin; /org/invites)","Invite a colleague and set their tenant role","/settings","1. Open Settings 2. Fill 'Email address' (#invite-email) 3. Pick 'Role' (#invite-role, defaults to 'member') 4. Send -> POST /api/org/invites {email, role} 5. Row appears in the invites table with its role","/settings","org invite row (email + role)","Caller's memberships.role is owner or admin","NONE (no e2e spec covers this flow)"
"F-05","Unauthenticated visitor","Confirm no in-app screen is reachable logged out","any route under src/app/(app)","1. Open a fresh context with empty storageState 2. GET each of /inventory /procurement /purchase-orders /permits /materials /vendors /labour /documents 3. Each redirects to **/login (deny-by-default gate, src/lib/authz/page-access.ts)","/login","None","None","e2e/12-member-access.spec.ts"
"F-06","member (PROJEXA memberships.role 'member', e.g. site supervisor Manoj Yadav)","Browse commercial modules without elevated privileges","/vendors","1. GET /api/organization to read own role 2. Open /vendors, count table rows vs /api/vendors 3. Open /inventory, click 'Items' tab 4. Open /procurement","/vendors, /inventory, /procurement","None (read-only)","Logged in as an account whose memberships.role is 'member'","e2e/12-member-access.spec.ts"
"F-07","PM_OR_ABOVE (owner/admin/pm; /projects)","Create a new construction project","/projects","1. Click the list header New action 2. On /projects/new pick 'Product' 3. Fill 'Project Name' 4. Optionally Description / Start Date / Target Date 5. Save 6. Redirects to /dashboard/project?projectId=<new id>","/projects, /projects/new, /dashboard/project","project record","Org has at least one selectable product (ProjectCreateClient loads it)","NONE (no e2e spec covers this flow)"
"F-08","FIELD (owner/admin/pm/site_engineer; /materials/master)","Review the project's material master","/materials?projectId=<id>","1. Open /materials with an explicit ?projectId= (bare /materials renders a 'choose a project' card) 2. Page loads GET /api/materials/master?projectId= 3. Read Material Master table 4. 'Filter' and '+ New Material' (testid materials-new) are available","/materials (tabs: Material Master, Inbound Receipts, Issues, Cost Report)","None (read-only)","A projectId is supplied in the URL or resolvable","e2e/01-materials.spec.ts"
"F-09","FIELD (owner/admin/pm/site_engineer; /materials/master)","Add a material to the project material master","/materials?projectId=<id>","1. Click '+ New Material' (testid materials-new) 2. On /materials/new fill Name, Spec, Unit, Unit Cost, Reorder level 3. Save -> POST /api/materials/master","/materials, /materials/new","material master record","Project selected","e2e/01-materials.spec.ts (asserts the entry control only, not the write)"
"F-10","FIELD (owner/admin/pm/site_engineer; /materials)","Record an inbound material receipt against a vendor","/materials?projectId=<id>","1. Go to Inbound Receipts 2. Open /materials/receipts/new ('Record Inbound Receipt') 3. Pick Material, set Received Date, Quantity, Unit Cost, Vendor, Reference (delivery note / PO no.) 4. Save -> POST /api/materials","/materials, /materials/receipts/new, /materials/receipts/[id]","inbound material receipt record","Material master rows exist (F-09); vendors exist (F-17)","NONE (no e2e spec covers this flow)"
"F-11","FIELD (owner/admin/pm/site_engineer; /materials/issues)","Issue material from stock to site against a BOQ line","/materials?projectId=<id>","1. Go to Issues 2. Open /materials/issues/new ('Issue to Site') 3. Screen loads /api/materials/master and /api/scope for pickers 4. Save -> POST /api/materials/issues","/materials, /materials/issues/new","material issue record","Material master rows exist; a BOQ/scope exists for the project","NONE (no e2e spec covers this flow)"
"F-12","Any authenticated role for read; PM_OR_ABOVE to write (/permits)","Review project permits and the expiring-soon subset","/permits?projectId=<id>","1. Open /permits?projectId= -> server-seeded list of ALL permits 2. In-page 'Filter' is a disabled affordance 3. Arrive from the Dashboard 'Permits expiring' KPI as ?withinDays=30 -> banner 'Showing permits expiring within 30 days' 4. Click 'Show all' to re-fetch the unfiltered list","/permits, /dashboard (KPI tile)","None (read-only)","Project selected via ?projectId=","e2e/02-permits.spec.ts"
"F-13","PM_OR_ABOVE (owner/admin/pm; /permits)","Register a new permit for the project","/permits?projectId=<id>","1. Click '+ New' 2. Lands on /permits/new?projectId= titled 'New Permit' (a page, not a modal) 3. Fill Permit name, Permit number, Issuing authority, Issue date, End date, attach Permit PDF 4. Save -> POST /api/permits","/permits, /permits/new, /permits/[id]","permit record (+ attached PDF)","Project selected","e2e/02-permits.spec.ts (covers navigation to the create screen; not the write)"
"F-14","FIELD (owner/admin/pm/site_engineer; /documents)","Find project documents by category","/documents?projectId=<id>","1. Open /documents?projectId= (list is server-seeded) 2. Click 'Filter' to reveal the Category select (#documents-filter-category, default 'All categories') 3. Pick drawing / contract / site photo / permit 4. Each choice re-fetches with &category=<value>; empty result reads 'No <category> documents for <project name>.'","/documents, /documents/[id]","None (read-only)","Project selected; seeded documents split 7/7/7/4 across the 4 seeded projects","e2e/03-documents.spec.ts"
"F-15","FIELD (owner/admin/pm/site_engineer; /documents)","Upload a document against a project","/documents?projectId=<id>","1. Click 'New Document' 2. router.push to /documents/upload?projectId= titled 'New Document' (dedicated route, no role=dialog) 3. Complete the form 4. Click 'Save' -> POST /api/documents","/documents, /documents/upload","document record + file","Project selected","e2e/03-documents.spec.ts (covers navigation and the Save control; not the write)"
"F-16","PM_OR_ABOVE (owner/admin/pm; /vendors)","Review the org-wide vendor master","/vendors","1. Open /vendors (org-wide, no project needed) 2. Table row count matches GET /api/vendors 3. GST column renders only when /api/organization reports country 'IN'","/vendors","None (read-only)","None beyond login; seeded org has >=10 vendors","e2e/04-vendors.spec.ts"
"F-17","PM_OR_ABOVE (owner/admin/pm; /vendors)","Onboard a new vendor","/vendors","1. Click 'New Vendor' 2. Lands on /vendors/new (dedicated route) 3. Fill Vendor Name; optionally Type, Trade, GST, PAN, Payment Terms (days), Credit Limit 4. Click 'Save' -> POST /api/vendors 5. Redirects to /vendors/<id> whose h1 is the vendor name","/vendors, /vendors/new, /vendors/[id]","vendor record","Org country 'IN' for the GST field to render","e2e/04-vendors.spec.ts"
"F-18","Any authenticated role for read","Check stock items, balances and warehouses","/inventory","1. Open /inventory 2. Click the 'Items' tab (count matches /api/inventory/items) 3. Click 'Stock Balance' (matches /api/inventory/stock-balance) 4. Click 'Warehouses' (matches /api/inventory/warehouses)","/inventory (tabs: Stock Balance, Warehouses, Items)","None (read-only)","None beyond login","e2e/05-inventory.spec.ts"
"F-19","PM_OR_ABOVE for warehouse/item; FIELD for the stock entry (/inventory/warehouses, /inventory/items, /inventory/stock-entries)","Stand up a warehouse, add a stock item, receive stock into it","/inventory","1. 'New Warehouse' -> /inventory/warehouses/new, fill 'Warehouse Name', Save -> POST /api/inventory/warehouses 2. 'New Item' -> 'New Stock Item', fill Item Code, Item Name, Unit of Measure, Save -> POST /api/inventory/items 3. 'Record Stock Movement', pick Item + Warehouse, Quantity 50, Rate 120, Save -> POST /api/inventory/stock-entries 4. Stock Balance tab shows the new qty","/inventory, /inventory/warehouses/new, /inventory/items/new, /inventory/stock-entries/new","warehouse, stock item, stock entry, updated stock balance","None beyond login and the role gate","e2e/05-inventory.spec.ts"
"F-20","Any authenticated role for read","See where every purchase sits across the 5 procurement stages","/procurement","1. Open /procurement 2. Step through tabs '1. Requisitions', '2. RFQs', '3. Quotations', '4. Purchase Orders', '5. Goods Receipts' 3. Each tab's rows match its own /api/procurement/* endpoint; the PO stage also matches /api/purchase-orders","/procurement (5 numbered tabs)","None (read-only)","None beyond login","e2e/06-procurement.spec.ts"
"F-21","PM_OR_ABOVE (owner/admin/pm; /procurement/requisitions)","Raise a purchase requisition and submit it for approval","/procurement","1. Tab '1. Requisitions' 2. 'New Requisition' -> /procurement/requisitions/new 3. Fill Purpose, Item description, Quantity 4. 'Save' -> POST /api/procurement/requisitions (201) 5. Lands on /procurement/requisitions/<id>, heading 'PR-<number>' 6. Click 'Submit' -> POST .../submit","/procurement, /procurement/requisitions/new, /procurement/requisitions/[id]","requisition (PR-<n>) + status transition to submitted","None beyond login and the role gate","e2e/06-procurement.spec.ts"
"F-22","PM_OR_ABOVE (owner/admin/pm; /procurement/rfqs)","Raise an RFQ directly and send it to vendors","/procurement","1. Tab '2. RFQs' 2. 'New RFQ' -> /procurement/rfqs/new 3. Fill Item description, Quantity 4. 'Save' -> POST /api/procurement/rfqs (201) 5. Lands on /procurement/rfqs/<id>, heading 'RFQ-<number>' 6. Click 'Send to Vendors' -> POST .../send","/procurement, /procurement/rfqs/new, /procurement/rfqs/[id]","RFQ (RFQ-<n>) + vendor dispatch record","At least one vendor exists (/api/vendors)","e2e/06-procurement.spec.ts"
"F-23","PM_OR_ABOVE (owner/admin/pm; /procurement/quotations, /procurement/purchase-orders)","Record a supplier quotation and convert it into a purchase order","/procurement","1. Tab '3. Quotations' 2. 'Record Quotation' -> /procurement/quotations/new 3. Pick Vendor, fill Item description, Quantity 10, Rate 250 4. 'Save' -> POST /api/procurement/quotations (201), toast 'Quotation recorded', returns to ?tab=quotations 5. On row 'SQ-<n>' click 'Convert to PO' -> POST /api/procurement/purchase-orders (201) 6. Tab '4. Purchase Orders' shows 'PO-<n>'","/procurement, /procurement/quotations/new, /procurement (tabs 3 and 4)","supplier quotation (SQ-<n>) + purchase order (PO-<n>)","At least one vendor exists","e2e/06-procurement.spec.ts"
"F-24","PM_OR_ABOVE (owner/admin/pm; /procurement/goods-receipts)","Record a goods receipt and post it to stock","/procurement","1. Tab '5. Goods Receipts' 2. 'New Goods Receipt' -> /procurement/goods-receipts/new 3. Pick Vendor and Receiving Warehouse, Quantity 10 4. 'Save' -> 201, toast 'Goods receipt recorded (draft)' 5. Lands on /procurement/goods-receipts/<id> heading 'GRN-<n>', status draft 6. Click 'Post to Stock' -> POST .../submit (200); the button disappears","/procurement, /procurement/goods-receipts/new, /procurement/goods-receipts/[id]","goods receipt (GRN-<n>) + stock posting","A warehouse exists (F-19) and a vendor exists (F-17)","e2e/06-procurement.spec.ts"
"F-25","Any authenticated role for read","Review purchase orders org-wide","/purchase-orders","1. Open /purchase-orders 2. Row count matches /api/purchase-orders 3. The Company/Office selector renders only when /api/companies is non-empty; the Currency selector only when /api/currencies is non-empty","/purchase-orders","None (read-only)","None beyond login","e2e/07-purchase-orders.spec.ts"
"F-26","PM_OR_ABOVE (owner/admin/pm; /purchase-orders)","Raise a purchase order with several line items","/purchase-orders","1. 'New Purchase Order' -> /purchase-orders/new 2. Pick Vendor 3. Line 1: Description / Qty 5 / Rate 100 4. 'Add Line' 5. Line 2: Description / Qty 2 / Rate 300 6. 'Save' -> POST /api/purchase-orders 7. List count increases after reload","/purchase-orders, /purchase-orders/new","purchase order with 2 line items","At least one vendor exists","e2e/07-purchase-orders.spec.ts"
"F-27","Any authenticated role for read","Check who is on the project roster and today's attendance","/labour?projectId=<id>","1. Open /labour?projectId= (h1 'Manpower & Attendance'), page GETs /api/labour-roster 2. Click the 'Attendance' tab 3. With an empty roster the 'Mark Attendance' button is disabled","/labour (tabs: Roster, Attendance, Daily Summary)","None (read-only)","Project selected","e2e/08-labour.spec.ts"
"F-28","FIELD (owner/admin/pm/site_engineer; /labour-roster)","Add a worker to the project roster","/labour?projectId=<id>","1. Click '+ New' 2. Choose menu item 'Worker' 3. On 'New Worker' fill Name, Trade (e.g. Mason), Daily Rate (e.g. 850) 4. Click 'Save' -> POST /api/labour-roster","/labour, /labour/new, /labour/[id]","labour roster record (worker)","Project selected","e2e/08-labour.spec.ts"
"F-29","FIELD (owner/admin/pm/site_engineer; /attendance)","Mark a worker's attendance for the day","/labour?projectId=<id>","1. 'Attendance' tab 2. '+ New' -> the attendance menu item 3. On 'Mark Attendance' pick Worker, set Hours Worked (e.g. 4) 4. Click 'Save' -> POST /api/attendance","/labour, /labour/attendance/new, /labour/attendance/[date]","attendance record","At least one roster worker exists (F-28)","e2e/08-labour.spec.ts"
"F-30","FIELD (owner/admin/pm/site_engineer; /labour-roster/import)","Bulk-load workers from a spreadsheet","/labour/import","1. Open /labour/import ('Labour / Import Workers', title 'Import Workers from Excel') 2. Supply the workbook 3. Run the import -> POST /api/labour-roster/import 4. Cancel/Back returns to /labour?projectId=","/labour, /labour/import","many labour roster records","Project selected; a matching Excel file","NONE (no e2e spec covers this flow)"
"F-31","Any authenticated role for read","Review the FF&E specification for a project","/ffe?projectId=<id>","1. Open /ffe?projectId= (h1 'FF&E Specification'), page GETs /api/ffe?","/ffe","None (read-only)","Project selected","e2e/09-ffe.spec.ts"
"F-32","PM_OR_ABOVE (owner/admin/pm; /ffe, /ffe/[id])","Specify an FF&E item and move it along its status chain","/ffe?projectId=<id>","1. 'New Item' -> /ffe/new 2. Fill Item Name, Room / Area, Category (e.g. furniture), Qty, Cost, Client Price 3. 'Save' -> POST /api/ffe 4. Lands on /ffe/<id> 5. Click 'Advance to ordered' -> PATCH /api/ffe/<id> 6. 'Back' returns to the list","/ffe, /ffe/new, /ffe/[id]","FF&E item + status change to 'ordered'","Project selected","e2e/09-ffe.spec.ts"
"F-33","Any authenticated role for read","See the project's floor plans","/floor-plans?projectId=<id>","1. Open /floor-plans?projectId=, page GETs /api/floor-plans?","/floor-plans","None (read-only)","Project selected","e2e/10-floor-plans.spec.ts"
"F-34","PM_OR_ABOVE (owner/admin/pm; /floor-plans)","Create a floor plan and open it in the 2D editor","/floor-plans?projectId=<id>","1. 'New Floor Plan' 2. Fill Name and Floor Level 3. Click 'Create' (this screen's primary is 'Create', not 'Save') -> POST /api/floor-plans 4. The new row links to the editor route /floor-plans/[id]","/floor-plans, /floor-plans/[id], /floor-plans/[id]/walkthrough","floor plan record","Project selected","e2e/10-floor-plans.spec.ts"
"F-35","Any authenticated role for read","Review client-facing mood boards","/mood-boards?projectId=<id>","1. Open /mood-boards?projectId=, page GETs /api/mood-boards?","/mood-boards","None (read-only)","Project selected","e2e/11-mood-boards.spec.ts"
"F-36","PM_OR_ABOVE (owner/admin/pm; /mood-boards and its items)","Build a mood board, add items, share it with the client","/mood-boards?projectId=<id>","1. 'New Mood Board' 2. Fill Title, Room / Area 3. 'Save' -> POST /api/mood-boards 4. On /mood-boards/<id> fill Label and Notes, click 'Add Item' -> POST /api/mood-boards/<id> 5. Click 'Share with Client' -> PATCH /api/mood-boards/<id> 6. 'Mark Approved' becomes available","/mood-boards, /mood-boards/new, /mood-boards/[id]","mood board, board item, shared/approved status","Project selected","e2e/11-mood-boards.spec.ts"
"F-37","FIELD (owner/admin/pm/site_engineer; /work-progress) - exercised as a site supervisor","Log site progress with no connectivity and let it sync on reconnect","/work-progress?projectId=<id>","1. Open Daily Entry (page GETs /api/work-progress and /api/work-progress/activities) 2. Pick Activity 3. Pick 'BOQ line' 4. Fill 'Quantity done' 7 and '% complete' 55 (Date and Entry basis pre-filled) 5. Go offline 6. Click 'Log Entry' -> banner ""You're offline -- progress saved on this device, will sync automatically"" + '1 entry queued on this device' 7. Reconnect: the queue drains itself on the browser 'online' event 8. Reload: the row is in the table","/work-progress (tabs: Daily Entry, Analytics, Report)","work-progress entry (qty + % complete), queued locally then persisted","Project selected; project has a BOQ and at least one activity","e2e/offline-work-progress-sync.spec.ts"
"F-38","FIELD (owner/admin/pm/site_engineer; /wiki)","Write a project wiki page","/wiki?projectId=<id>","1. Open /wiki?projectId= (rows match /api/wiki?projectId=) 2. Click 'New Page' -> /wiki/new?projectId=, h1 'New Wiki Page' (a route, not a dialog) 3. Fill 'Title' 4. 'Save' -> POST /api/wiki (201), toast 'Page created' 5. Redirects to /wiki/<id>","/wiki, /wiki/new, /wiki/[id]","wiki page","Project selected","e2e/wiki-knowledge-base.spec.ts"
"F-39","FIELD (owner/admin/pm/site_engineer; /knowledge-base)","Search and add to the org-wide knowledge base","/knowledge-base","1. Open /knowledge-base (org-wide, no project) - rows are buttons in a divide-y list, not a table 2. Type into the 'Search…' box; a no-match query shows 'No pages yet.' 3. 'New Page' -> /knowledge-base/new, h1 'New Knowledge Base Page' 4. Fill 'Title', 'Save' -> POST /api/knowledge-base (201) 5. Redirects to the page's object screen","/knowledge-base, /knowledge-base/new, /knowledge-base/[id]","knowledge base page","None beyond login","e2e/wiki-knowledge-base.spec.ts"
"F-40","Any authenticated role for read","Check project KPI definitions","/kpis","1. Open /kpis 2. Read the definitions list (verified gap: the live API returned 0 for all 4 seeded projects despite 6 documented seeded definitions)","/kpis","None (read-only)","None beyond login","e2e/kpis-reports.spec.ts"
"F-41","PM_OR_ABOVE (owner/admin/pm; /kpis)","Define a KPI to track","/kpis","1. Click 'New KPI' -> /kpis/new ('New KPI Definition') 2. Fill Metric Name, Target Value, Unit, Period 3. 'Save' -> POST /api/kpis","/kpis, /kpis/new","KPI definition","None beyond login and the role gate","e2e/kpis-reports.spec.ts"
"F-42","FIELD (owner/admin/pm/site_engineer; /kpi-entries)","Submit an actual value against a KPI","/kpis","1. Click a KPI row -> /kpis/[id] 2. Fill the period box (placeholder like 'e.g. 2026-07') 3. Fill the numeric value (e.g. 92) 4. Click 'Submit'","/kpis, /kpis/[id]","KPI entry (period + actual value)","At least one KPI definition exists (F-41)","e2e/kpis-reports.spec.ts"
"F-43","FIELD for running a definition-backed report (/reports/definitions/[id]/run)","Find and run a report from the catalog","/reports","1. Open /reports 2. Click the 'Full Catalog' tab (org-wide, no project needed) 3. Type in 'Search reports and analyses' (e.g. 'revenue') 4. Click the run toggle (testid catalog-run-report) on a definition-backed entry 5. Real output renders","/reports (tabs incl. Full Catalog, Project Reports)","Report run/output (no business record)","None beyond login","e2e/kpis-reports.spec.ts"
"F-44","FIELD (owner/admin/pm/site_engineer; report run)","Run a project-scoped report such as Budget vs Actual","/reports","1. Click the 'Project Reports' tab 2. Open the in-panel report combobox 3. Choose e.g. 'Budget vs Actual' 4. Click 'Run report' 5. Output renders with no testid reports-error","/reports (Project Reports tab)","Report output","A project is resolvable; 17 project-scoped reports are listed","e2e/kpis-reports.spec.ts"
"F-45","FIELD (owner/admin/pm/site_engineer; report run)","Switch a report's output between table, pivot and chart","/reports","1. 'Full Catalog' tab 2. Search 'Report' 3. Run a definition-backed entry (testid catalog-run-report) 4. Click the 'Pivot' tab 5. Click 'Chart' 6. Click back to 'Table'","/reports (result Table / Pivot / Chart tabs)","None (view state only)","The report returns at least one row, otherwise the tabs do not appear","e2e/pivot-chart-reports.spec.ts"
"F-46","Any authenticated role for read","Review the ledger and accounting position","/accounting","1. Open /accounting (Dashboard tab) 2. Click 'General Ledger' 3. Use the in-panel status filter combobox to pick a real status option","/accounting (tabs: Dashboard, General Ledger, Trial Balance, P&L, Balance Sheet, P&L by Project, Bank Reconciliation, Companies)","None (read-only)","None beyond login","e2e/finance-accounting-budgets.spec.ts"
"F-47","ORG_ADMIN (owner/admin; /companies)","Register a Company / Office entity","/accounting","1. 'Companies' tab 2. 'New Company / Office' -> /accounting/companies/new 3. Fill 'Company Name' 4. 'Save' -> POST /api/companies 5. Returns to /accounting?tab=companies","/accounting, /accounting/companies/new","company/office record","Caller is owner or admin","e2e/finance-accounting-budgets.spec.ts"
"F-48","ORG_ADMIN (owner/admin; /journal-entries)","Post a manual journal entry","/accounting","1. 'General Ledger' tab 2. Click 'New Journal Entry' -> /accounting/journal-entries/new 3. Open the account select - it is honestly empty while the chart of accounts has no rows, blocking the entry","/accounting, /accounting/journal-entries/new, /accounting/journal-entries/[id]","journal entry (blocked in the seeded org: empty chart of accounts)","A populated chart of accounts, which the seeded org does not have","e2e/finance-accounting-budgets.spec.ts"
"F-49","PM_OR_ABOVE (owner/admin/pm; /project-budgets)","Create a budget","/finance/budgets","1. Open /finance/budgets (screen title renders as text in ScreenFrame, not an h1) 2. Click '+ New Budget' -> /finance/budgets/new ('New Budget') 3. Fill Budget Name, Fiscal Year, Cost Center, Account, Annual Amount, Company / Office 4. Save is honestly blocked while the prerequisite master data is missing","/finance/budgets, /finance/budgets/new, /finance/budgets/[id]","budget record (blocked in the seeded org)","Fiscal years, cost centers, accounts and companies must exist","e2e/finance-accounting-budgets.spec.ts"
"F-50","Any authenticated role for read","Review receivables and ageing","/invoices","1. Open /invoices, count matches the API 2. Open the in-panel status combobox (real enum options) and pick e.g. 'paid' 3. Click the 'AR Aging' tab to see real overdue/outstanding figures","/invoices (tabs: Invoices, Credit Notes, AR Aging)","None (read-only)","None beyond login","e2e/finance-invoices-quotations.spec.ts"
"F-51","PM_OR_ABOVE (owner/admin/pm; /sales-invoices)","Raise a sales invoice for an existing customer","/invoices","1. Click 'Create Invoice' -> /invoices/new ('New Sales Invoice') 2. Pick a real customer in the customer combobox 3. Fill Line Item Description, Quantity 2, Rate 5000 4. Click 'Save' 5. Redirects to /invoices/<id> with heading 'Invoice #<n>' 6. Back on /invoices the count has increased","/invoices, /invoices/new, /invoices/[id]","sales invoice with one line item","At least one seeded customer exists","e2e/finance-invoices-quotations.spec.ts"
"F-52","Any authenticated role for read","Find a quotation by customer","/quotations","1. Open /quotations 2. Type a customer name into the 'search by customer' box - the list filters 3. A nonsense query returns an empty list","/quotations","None (read-only)","None beyond login","e2e/finance-invoices-quotations.spec.ts"
"F-53","PM_OR_ABOVE (owner/admin/pm; /quotations/[id])","Move a draft quotation into approval","/quotations","1. Open /quotations 2. Click a row in draft status -> /quotations/<id> 3. Click 'Submit for Approval' -> PATCH on /api/quotations/... 4. Status persists after returning to the list","/quotations, /quotations/[id]","quotation status transition","A quotation currently in draft status (the spec skips itself otherwise)","e2e/finance-invoices-quotations.spec.ts"
"F-54","PM_OR_ABOVE (owner/admin/pm; /sales-orders)","Book a sales order for a customer","/sales-orders","1. Open /sales-orders (count matches /api/sales-orders) 2. Click 'New Sales Order' -> /sales-orders/new 3. Pick Customer 4. Line: Description, Qty 3, Rate 1500 5. 'Save' -> POST /api/sales-orders 6. Redirects to /sales-orders/<id>; the list count increases","/sales-orders, /sales-orders/new, /sales-orders/[id]","sales order with one line","At least one customer exists (/api/customers)","e2e/sales.spec.ts"
"F-55","PM_OR_ABOVE (owner/admin/pm; /sales-orders/[id])","Change a sales order's status from the list","/sales-orders","1. Open /sales-orders 2. Use the per-row status Select 3. The change PATCHes and persists","/sales-orders","sales order status change","An order in a draft-equivalent status (the spec skips itself otherwise)","e2e/sales.spec.ts"
"F-56","Any authenticated role for read","Use the sales dashboard as the entry point to the CRM modules","/sales","1. Open /sales ('Sales Dashboard'), pipeline summary reflects real CRM data 2. Click 'View all leads' -> /sales/leads 3. Click 'View all opportunities' -> /sales/opportunities (same pattern for Quotations / Sales Orders / Customers)","/sales, /sales/leads, /sales/opportunities, /quotations, /sales-orders, /customers","None (read-only)","None beyond login","e2e/sales.spec.ts"
"F-57","PM_OR_ABOVE (owner/admin/pm; /leads)","Capture a new sales lead","/sales/leads","1. Click 'New Lead' -> /sales/leads/new 2. Fill Name; optionally Email, Phone, Source, Next Follow-up, Company / Office 3. 'Save' -> POST /api/leads 4. Redirects to /sales/leads/<id> headed by the lead name","/sales/leads, /sales/leads/new, /sales/leads/[id]","lead record","None beyond login and the role gate","e2e/sales.spec.ts"
"F-58","PM_OR_ABOVE (owner/admin/pm; /customers)","Add a customer and review everything linked to them","/customers","1. Open /customers, count matches the API 2. Type in the 'search customers' box to filter 3. 'New Customer' -> /customers/new; fill Customer Name, GSTIN, Credit Limit; 'Save' -> POST /api/customers 4. Redirects to /customers/<id> 5. Click any customer row to see their linked orders/invoices","/customers, /customers/new, /customers/[id]","customer record","None beyond login and the role gate","e2e/sales.spec.ts"
"F-59","Any authenticated role for read; ORG_ADMIN for writes (/employees)","Find an employee in the directory","/employees","1. Open /employees (DataTable shows 10 of 11 seeded on page 1) 2. Click 'Next page' for the rest 3. Type into 'search employees' 4. Use the department filter","/employees (tabs: Directory, Departments, Org Chart, Leave)","None (read-only)","None beyond login","e2e/hr-employees-payroll.spec.ts"
"F-60","Any authenticated role for read","Review the org structure","/employees","1. Click the 'Departments' tab (6 real seeded departments) 2. Click the 'Org Chart' tab (1 CEO + 10 employees reporting hierarchy)","/employees (Departments, Org Chart tabs)","None (read-only)","None beyond login","e2e/hr-employees-payroll.spec.ts"
"F-61","ORG_ADMIN sees the control (isHrAdmin = owner/admin); the decision endpoint /leave/requests/[id]/decision is PM_OR_ABOVE","Approve a pending leave request","/employees","1. 'Leave' tab 2. On a pending row click the approve control 3. VERIFIED GAP: the write fails on the dbUser architecture gap even for the owner account","/employees (Leave tab)","Leave approval (fails in the current build)","A seeded leave request in pending status; caller is owner/admin for the button to render at all","e2e/hr-employees-payroll.spec.ts"
"F-62","ANY_MEMBER (owner/admin/pm/site_engineer/member; /leave/requests)","File your own leave request","/employees","1. 'Leave' tab 2. Click 'Request Leave' -> /employees/leave/new 3. Fill 'Leave Type' (e.g. Casual Leave) and the two date inputs 4. Click 'Save' 5. VERIFIED GAP: also blocked by the dbUser architecture gap","/employees, /employees/leave/new","Leave request (fails in the current build)","Any non-client_viewer account","e2e/hr-employees-payroll.spec.ts"
"F-63","Any authenticated role for read","Check payroll runs and a payslip register","/payroll","1. Open /payroll ('Payroll Runs' tab: 3 seeded runs) 2. 'Salary Components' tab (6) 3. 'Salary Structures' tab (11, paged with 'Next page') 4. 'Income Tax' tab renders because /api/organization reports country IN 5. Click 'View Register' on a processed run -> /payroll/runs/<id> shows 11 payslips","/payroll (tabs: Payroll Runs, Salary Structures, Salary Components, Statutory Rules, Income Tax), /payroll/runs/[id], /payroll/runs/[id]/payslips/[payslipId]","None (read-only)","None beyond login","e2e/hr-employees-payroll.spec.ts"
"F-64","ORG_ADMIN (owner/admin; /payroll/runs)","Start a new payroll run","/payroll","1. Click 'New Payroll Run' -> /payroll/runs/new 2. Pick the month in the main combobox 3. Fill 'Year' 4. Click 'Save' 5. VERIFIED GAP: fails on the dbUser architecture gap even as the owner","/payroll, /payroll/runs/new","Payroll run (fails in the current build)","Caller is owner/admin (the button is hidden otherwise, isHrAdmin)","e2e/hr-employees-payroll.spec.ts"
"F-65","ORG_ADMIN for job openings (/recruitment/job-openings); PM_OR_ABOVE for candidates (/recruitment/candidates) - both observed succeeding from a member account","Open a role and add a candidate to the pipeline","/recruitment","1. Open /recruitment ('Job Openings' tab) 2. 'New Job Opening' -> /recruitment/openings/new; fill 'Title'; 'Save' -> lands on /recruitment/openings/<id> 3. 'Candidates' tab 4. 'Add Candidate' -> /recruitment/candidates/new; fill Name and Email; 'Save' -> returns to /recruitment?tab=candidates","/recruitment (tabs: Job Openings, Candidates, Pipeline), /recruitment/openings/new, /recruitment/candidates/new, /recruitment/applications/new","job opening, candidate","None; unlike every HR/Payroll write above, these succeeded from a member-role account","e2e/hr-employees-payroll.spec.ts"
"F-66","Any authenticated role for read","Use the HR dashboard as the entry point to HR modules","/hr","1. Open /hr ('HR Dashboard') - headcount/leave/payroll aggregates match the underlying data 2. Click 'Employee directory' -> /employees (same pattern for Payroll and Recruitment cards)","/hr, /employees, /payroll, /recruitment","None (read-only)","None beyond login","e2e/hr-employees-payroll.spec.ts"
"F-67","Any authenticated role for read","Review the org's risk and compliance posture","/grc","1. Open /grc ('Risk & Compliance') 2. Dashboard reflects real GRC data (Phase 1 seeded none)","/grc (tabs: Dashboard, Risk Register, Audits & Findings, Policies, Vendor Risk, Fraud & Incidents, Access Review, Compliance Register)","None (read-only)","None beyond login","e2e/grc.spec.ts"
"F-68","PM_OR_ABOVE (owner/admin/pm; /risks)","Log a risk in the risk register","/grc","1. 'Risk Register' tab 2. Click 'Log Risk' -> /grc/risks/new 3. Fill 'Title' 4. 'Save' 5. Lands on /grc/risks/<id>","/grc, /grc/risks/new, /grc/risks/[id]","risk record","None beyond login and the role gate","e2e/grc.spec.ts"
"F-69","ORG_ADMIN (owner/admin; /audit-engagements, /audit-findings)","Plan an audit engagement and record a finding against it","/grc","1. 'Audits & Findings' tab 2. 'Plan Audit' -> /grc/audits/new; fill 'Name'; 'Save' -> returns to /grc?tab=audits 3. 'Record Finding' -> /grc/findings/new","/grc, /grc/audits/new, /grc/findings/new","audit engagement, audit finding","Caller is owner/admin","e2e/grc.spec.ts"
"F-70","ORG_ADMIN (owner/admin; /policies)","Draft a policy and request its publication","/grc","1. 'Policies' tab 2. 'Draft Policy' -> /grc/policies/new; fill 'Title'; 'Save' -> /grc/policies/<id> 3. Click 'Request Publish' -> VERIFIED GAP: a real, reproducible 500 from /api/policies/...","/grc, /grc/policies/new, /grc/policies/[id]","policy draft (publish request fails)","Caller is owner/admin","e2e/grc.spec.ts"
"F-71","ORG_ADMIN (owner/admin; /vendor-risk)","Put a vendor under risk tracking","/grc","1. 'Vendor Risk' tab 2. 'Add Vendor' -> /grc/vendors/new 3. Fill 'Vendor Name' 4. 'Save' -> returns to /grc?tab=vendor-risk","/grc, /grc/vendors/new","vendor-risk record","Caller is owner/admin","e2e/grc.spec.ts"
"F-72","ORG_ADMIN (owner/admin; /fraud-cases)","Log a fraud or incident case","/grc","1. 'Fraud & Incidents' tab 2. 'Log Case' -> /grc/cases/new 3. Fill 'Title' 4. 'Save' -> lands on /grc/cases/<id>","/grc, /grc/cases/new, /grc/cases/[id]","fraud/incident case","Caller is owner/admin","e2e/grc.spec.ts"
"F-73","Any authenticated role for read","Consult the compliance register","/grc","1. 'Compliance Register' tab 2. Use the real search and status filter controls 3. There is deliberately no create/log/add control on this tab","/grc (Compliance Register tab)","None (read-only by design)","None beyond login","e2e/grc.spec.ts"
"F-74","Any authenticated role for read","Launch a copilot tool from the quick-launch page","/copilot","1. Open /copilot 2. Seven real tools are listed, all construction-only 3. Click 'Run' on one","/copilot","Copilot run / query-history row","None beyond login","e2e/copilot-chat.spec.ts"
"F-75","ANY_MEMBER (owner/admin/pm/site_engineer/member; /tasks and /discuss)","Ask the AI copilot a question from anywhere in the app","any (app) route - the composer is docked globally","1. Click the docked textarea (aria-label 'Describe the task') 2. Type the question 3. Press Enter or click the send control (testid composer-send) -> POST /api/tasks {rawInput, mode, projectId, selectedChain} 4. The answer band prints verdict.message ?? verdict.answer.text","Global shell composer on any route; /dashboard, /copilot","task/assistant submission record","None beyond login; the assistant scope is construction-only, so finance/sales/HR data questions are refused rather than answered","e2e/copilot-chat.spec.ts"
"F-76","Any authenticated role for read","Check a copilot query's own status in the history","/copilot?projectId=<id>","1. Open /copilot?projectId= 2. Click 'Run' on the first tool 3. The query-history badge must not contradict that row's own status","/copilot","Copilot query-history row","Project selected","e2e/assistant-status-truthful.spec.ts"
"F-77","FIELD (owner/admin/pm/site_engineer; /schedule/tasks)","Add a task to the project schedule","/schedule/tasks/new","1. Open /schedule/tasks/new ('New Task') 2. The Type control stays disabled while its options load and never shows 'Loading...' as a value; an empty task-type list says so and says what Save will do 3. Fill Title, Type, Priority, Start Date, Duration (days), Due Date, Milestone, Predecessor, BOQ item 4. Save -> POST /api/schedule/tasks","/schedule (tabs: Timeline, Board, Phases, Time), /schedule/tasks/new, /schedule/tasks/[id]","schedule task","Org has task types configured, otherwise the Type control is honestly empty","e2e/schedule-task-type-signage.spec.ts"
"F-78","ANY_MEMBER (owner/admin/pm/site_engineer/member; /timesheets)","Log hours against a task","/schedule/log-time (server-redirects to /design-studio/timesheets/new)","1. /schedule/log-time resolves the project with no network call and redirects to /design-studio/timesheets/new?projectId=&taskId= 2. Pick Task (#new-entry-task), set Date, Hours, Category, Comments 3. Save (primary reads 'Save (2 required: Task, Hours)' while incomplete) -> POST /api/timesheets","/schedule (Time tab), /design-studio (My timesheet), /design-studio/timesheets/new, /design-studio/timesheets/[id]","timesheet entry","The project has schedule tasks (F-77)","NONE (no e2e spec covers this flow)"
"F-79","PM_OR_ABOVE for the decision (/timesheets/review-day); ANY_MEMBER to submit the day (/timesheets/submit-day)","Approve or return a designer's submitted day of hours","/design-studio/review","1. Open the Review tab (loads /api/timesheets?projectId=) 2. Optionally tick 'Submitted days only' 3. Click Approve on a day group -> POST /api/timesheets/review-day {decision: approved} 4. Or open the return box, type a reason, and send -> same endpoint with decision 'rejected' + rejectionReason","/design-studio (tabs: My timesheet, Review, Cost analysis)","timesheet day approval or rejection (with reason)","Caller is pm or above - otherwise the buttons are disabled with 'Only a project manager or above can approve or return hours'","NONE (no e2e spec covers this flow)"
"F-80","FIELD (owner/admin/pm/site_engineer; /site-diary)","Write the daily site diary","/site-diary?projectId=<id>","1. Click the list's New action -> /site-diary/new ('New Site Diary Entry') 2. Fill Date, Weather, Work Done, Labour Count; optionally Visitors, Material Received, Issues, Instructions, Remarks 3. Save -> POST /api/site-diary 4. Lands on /site-diary/<id>","/site-diary, /site-diary/new, /site-diary/[id]","site diary entry","Project selected","NONE (no e2e spec covers this flow)"
"F-81","FIELD (owner/admin/pm/site_engineer; /punch-list)","Raise a snag on the punch list","/punch-list?projectId=<id>","1. New action -> /punch-list/new ('New Punch List Item') 2. Fill Description; optionally Location, Trade; pick Priority (High/Medium/Low) 3. Save -> POST /api/punch-list 4. Lands on /punch-list/<id>","/punch-list, /punch-list/new, /punch-list/[id]","punch list item","Project selected","NONE (no e2e spec covers this flow)"
"F-82","FIELD (owner/admin/pm/site_engineer; /rfis)","Raise an RFI to the design team","/rfis?projectId=<id>","1. New action -> /rfis/new ('New RFI') 2. Fill Subject, Question; optionally Due Date 3. Save -> POST /api/rfis 4. Lands on /rfis/<id>","/rfis, /rfis/new, /rfis/[id]","RFI record","Project selected","NONE (no e2e spec covers this flow)"
"F-83","FIELD (owner/admin/pm/site_engineer; /submittals)","Submit a shop drawing / product data / sample for approval","/submittals?projectId=<id>","1. New action -> /submittals/new ('New Submittal') 2. Fill Title; optionally Spec Section; pick Type (Shop Drawing / Product Data / Sample / Other); optionally Due Date 3. Save -> POST /api/submittals 4. Lands on /submittals/<id>","/submittals, /submittals/new, /submittals/[id]","submittal record","Project selected","NONE (no e2e spec covers this flow)"
"F-84","FIELD (owner/admin/pm/site_engineer; /drawings)","Register a drawing revision","/drawings?projectId=<id>","1. New action -> /drawings/new ('New Drawing', subtitled with the project name) 2. Complete the form (list columns are Name, Drawing No., Rev, Kind, Discipline, Status, Added, File) 3. Save -> lands on /drawings/<id>?projectId=","/drawings, /drawings/new, /drawings/[id]","drawing record + file","Project selected (the screen fetches /api/projects to resolve it)","NONE (no e2e spec covers this flow)"
"F-85","FIELD (owner/admin/pm/site_engineer; /meetings)","Schedule a project meeting","/meetings?projectId=<id>","1. New action -> /meetings/new ('New Meeting') 2. Fill Title, Date & time, Duration (minutes); optionally Agenda items (one per line) and Participant user IDs (comma-separated) 3. Save -> POST /api/meetings 4. Lands on /meetings/<id>","/meetings, /meetings/new, /meetings/[id]","meeting record","Project selected","NONE (no e2e spec covers this flow)"
"F-86","FIELD (owner/admin/pm/site_engineer; /moms); sharing a MoM link is PM_OR_ABOVE","Record and publish minutes of meeting","/moms?projectId=<id>","1. Open /moms (status filter: Any status / Draft / Published) 2. New action -> /moms/new; fill Title, Date & time, Type (Team/Client/Vendor/One-on-one/Other), Attendees, Agenda (one item per line), Minutes 3. Save 4. On /moms/<id> add action items and optionally generate intelligence 5. Create a share link (POST /api/moms/<id>/share-links) for external recipients","/moms, /moms/new, /moms/[id], /shared/mom/[token]","MoM record, action items, share link token","Project selected; share-link creation needs pm or above","NONE (no e2e spec covers this flow)"
"F-87","PM_OR_ABOVE (owner/admin/pm; /change-orders)","Raise a change order (variation)","/change-orders?projectId=<id>","1. New action -> /change-orders/new ('New Change Order') 2. Fill Title; optionally Reason; set Schedule Impact (days) and cost impact 3. Save -> POST /api/change-orders 4. Lands on /change-orders/<id> (list columns: #, Title, Cost Impact, Schedule Impact, Status)","/change-orders, /change-orders/new, /change-orders/[id]","change order record","Project selected","NONE (no e2e spec covers this flow)"
"F-88","PM_OR_ABOVE (owner/admin/pm; /expenses)","Log a project expense","/expenses?projectId=<id>","1. New action -> /expenses/new ('Log Expense') 2. Complete the form 3. Save -> POST /api/expenses 4. Returns to /expenses?projectId=","/expenses, /expenses/new","expense record","Project selected","NONE (no e2e spec covers this flow)"
"F-89","PM_OR_ABOVE (owner/admin/pm; /scope and all /scope/* endpoints)","Build, import, revise and compare the Bill of Quantities","/scope?projectId=<id>","1. 'New BOQ' -> /scope/new ('New Bill of Quantities'); a BOQ needs at least one line 2. Or import: /scope/import ('Import BOQ from Excel', template at /api/scope/import/template) -> POST /api/scope/import 3. From a BOQ row use View / New Revision / Compare -> /scope/[id], /scope/[id]/revise, /scope/[id]/compare 4. Submit and approve via /api/scope/[id]/submit and /approve","/scope, /scope/new, /scope/import, /scope/[id], /scope/[id]/revise, /scope/[id]/compare","BOQ header, BOQ lines, categories, revisions, approval status","Project selected; the Excel import needs a workbook matching the downloadable template","NONE (no e2e spec covers this flow)"
"F-90","Anonymous public visitor","Read the public marketing site before signing up","/","1. Load / (served from the prerendered copy on a warm load) 2. A visitor with a Hindi locale gets the Hindi document at the same URL (div[lang=hi]) 3. /how-it-works renders every section painted at 1440px and 375px with JavaScript disabled and reduced motion; nothing is left at opacity 0; a cold load transfers <= 500 KB","/, /how-it-works, /hi, /hi/how-it-works, /login, /signup","None","Run logged out against a local origin - the spec skips itself unless PLAYWRIGHT_BASE_URL names localhost","e2e/public-pages-perf.spec.ts"
"F-91","PM_OR_ABOVE creates the link (/attendance/summary/share, /work-progress/report/share, /moms/[id]/share-links); the recipient is an anonymous token holder","Share attendance, a work-progress report, or minutes with someone outside the app","/labour, /work-progress, /moms/[id]","1. From the source module create a share link (POST to the module's share endpoint) 2. Send the tokenised URL 3. The recipient opens /share/attendance/<token> ('All recorded attendance'), /share/report/<token> ('Work Progress Report' with Contract Value / Project Value / Budget / Revenue / Expenses / Earned Value), or /shared/mom/<token> - no login required","/share/attendance/[token], /share/report/[token], /shared/mom/[token]","share-link token record","Caller creating the link is pm or above; these token routes are outside the deny-by-default (app) gate","NONE (no e2e spec covers this flow)"
