"Route_Path","File_Path","Methods","Auth_Required","Org_Scoped","Request_Shape","Response_Shape","Purpose"
"/api/access-review/certifications/[id]","src/app/api/access-review/certifications/[id]/route.ts","PATCH","TRUE","TRUE","path id; JSON body (opaque passthrough)","VERIDIAN JSON passthrough","Update an access-review certification"
"/api/access-review","src/app/api/access-review/route.ts","GET, POST","TRUE","TRUE","GET: full query string forwarded; POST: JSON body","GET 200 VERIDIAN JSON; POST 201 VERIDIAN JSON","List / create access reviews"
"/api/accounts","src/app/api/accounts/route.ts","GET","TRUE","TRUE","none","VERIDIAN JSON passthrough","Chart-of-accounts lookup"
"/api/ar-aging","src/app/api/ar-aging/route.ts","GET","TRUE","TRUE","full query string forwarded","VERIDIAN JSON passthrough","AR aging report"
"/api/assistant","src/app/api/assistant/route.ts","GET, POST","TRUE","TRUE","GET: none; POST: JSON body, codeReference required","GET {queries:[...]}; POST 201 saved query row (with result); 400/500 {error}","AI assistant: list saved queries, run+record one"
"/api/attendance/bulk","src/app/api/attendance/bulk/route.ts","POST","TRUE","TRUE","JSON body (bulk attendance rows)","VERIDIAN JSON; error {error} with upstream status","Bulk attendance marking"
"/api/attendance","src/app/api/attendance/route.ts","GET, POST","TRUE","TRUE","GET: projectId or rosterId required (+date filters); POST: JSON body","GET 200 VERIDIAN JSON; POST 201; 400 {error}","List / record labour attendance"
"/api/attendance/summary/pdf","src/app/api/attendance/summary/pdf/route.ts","GET","TRUE","TRUE","projectId required; from, to","application/pdf binary; 400/error {error}","Attendance summary PDF download"
"/api/attendance/summary","src/app/api/attendance/summary/route.ts","GET","TRUE","TRUE","projectId required; from, to","VERIDIAN JSON; 400 {error}","Attendance summary figures"
"/api/attendance/summary/share","src/app/api/attendance/summary/share/route.ts","POST","TRUE","TRUE","JSON body {projectId, from, to}","201 {url, expiresAt}; 400 {error}","Create public share link for attendance summary"
"/api/audit-engagements","src/app/api/audit-engagements/route.ts","GET, POST","TRUE","TRUE","GET: none; POST: JSON body","GET VERIDIAN JSON; POST 201","List / create audit engagements"
"/api/audit-findings/[id]","src/app/api/audit-findings/[id]/route.ts","PATCH","TRUE","TRUE","path id; no body forwarded","VERIDIAN JSON passthrough","Update one audit finding"
"/api/audit-findings","src/app/api/audit-findings/route.ts","POST","TRUE","TRUE","JSON body","201 VERIDIAN JSON","Create an audit finding"
"/api/balance-sheet","src/app/api/balance-sheet/route.ts","GET","TRUE","TRUE","full query string forwarded","VERIDIAN JSON passthrough","Balance sheet report"
"/api/bank-reconciliation","src/app/api/bank-reconciliation/route.ts","GET","TRUE","TRUE","full query string forwarded","VERIDIAN JSON passthrough","Bank reconciliation report"
"/api/board","src/app/api/board/route.ts","GET, PATCH","TRUE","TRUE","GET: projectId required; PATCH: JSON body","GET VERIDIAN JSON; PATCH VERIDIAN JSON; 400 {error}","Kanban board read / card move"
"/api/capability-tree","src/app/api/capability-tree/route.ts","GET","TRUE","TRUE","none (force-dynamic)","200 {nodes:[...]} with ETag headers; 304 empty","Capability tree for the shell/navigator"
"/api/chain-options","src/app/api/chain-options/route.ts","GET","TRUE","TRUE","path (level path) required; projectId","level object JSON; 400/404/502 {error}","Build next step options for module chain navigation"
"/api/change-orders/[id]","src/app/api/change-orders/[id]/route.ts","GET, PATCH","TRUE","TRUE","path id; PATCH JSON body","VERIDIAN JSON; 403 on role fail","Read / update a change order (PATCH needs PM_OR_ABOVE)"
"/api/change-orders/[id]/signature-status","src/app/api/change-orders/[id]/signature-status/route.ts","GET","TRUE","TRUE","path id","VERIDIAN JSON passthrough","Change-order e-signature status"
"/api/change-orders","src/app/api/change-orders/route.ts","GET, POST","TRUE","TRUE","GET: projectId required; POST: JSON body","GET VERIDIAN JSON; POST 201; 400/403 {error}","List / create change orders (POST needs PM_OR_ABOVE)"
"/api/classify","src/app/api/classify/route.ts","POST","TRUE","TRUE","JSON body with user text (required)","VERIDIAN JSON; 400 {error}","Classify free-text user intent"
"/api/companies","src/app/api/companies/route.ts","GET, POST","TRUE","TRUE","GET: none; POST: JSON body","GET VERIDIAN JSON; POST 201","List / create companies"
"/api/compliance-register","src/app/api/compliance-register/route.ts","GET, POST","TRUE","TRUE","GET: full query string; POST: JSON body","GET VERIDIAN JSON; POST 201","Compliance register list / create"
"/api/construction-budget/lines","src/app/api/construction-budget/lines/route.ts","POST","TRUE","TRUE","JSON body","201 VERIDIAN JSON","Create construction budget lines"
"/api/construction-materials/cost-report/export","src/app/api/construction-materials/cost-report/export/route.ts","GET","TRUE","TRUE","projectId required; format (pdf default, validated); extra filters","binary file stream with upstream content-type; 400 {error}","Export material cost report (PDF/other)"
"/api/construction-materials/cost-report","src/app/api/construction-materials/cost-report/route.ts","GET","TRUE","TRUE","projectId required; extra filters forwarded","VERIDIAN JSON; 400 {error}","Material cost report data"
"/api/contact","src/app/api/contact/route.ts","POST","FALSE","FALSE","JSON body (contact form fields, validated in contact-service)","{ok:true}; 400/500 {ok:false, error}","Public marketing contact-form submission"
"/api/conversations/[id]/messages","src/app/api/conversations/[id]/messages/route.ts","GET, POST","TRUE","FALSE","path id; POST JSON {content} required","GET {messages:[...]}; POST 201 message row; 400/500 {error}","Read / post messages in a conversation (Supabase, no org filter in query)"
"/api/conversations","src/app/api/conversations/route.ts","GET, POST","TRUE","TRUE","GET: none; POST: JSON body (participants)","GET {conversations}; POST 201 conversation row; 500 {error}","List / create chat conversations (Supabase)"
"/api/cost-centers","src/app/api/cost-centers/route.ts","GET","TRUE","TRUE","none","cached VERIDIAN JSON","Cost-centre lookup (cached)"
"/api/credit-notes/[id]","src/app/api/credit-notes/[id]/route.ts","GET","TRUE","TRUE","path id","VERIDIAN JSON passthrough","Read one credit note"
"/api/credit-notes/[id]/submit","src/app/api/credit-notes/[id]/submit/route.ts","POST","TRUE","TRUE","path id; no body","VERIDIAN JSON passthrough","Submit a credit note"
"/api/credit-notes","src/app/api/credit-notes/route.ts","GET, POST","TRUE","TRUE","GET: none; POST: JSON body","GET VERIDIAN JSON; POST 201","List / create credit notes"
"/api/currencies","src/app/api/currencies/route.ts","GET","TRUE","TRUE","none","cached VERIDIAN JSON","Currency lookup (cached)"
"/api/customers/[id]/overview","src/app/api/customers/[id]/overview/route.ts","GET","TRUE","TRUE","path id","VERIDIAN JSON passthrough","Customer 360 overview"
"/api/customers/[id]","src/app/api/customers/[id]/route.ts","GET, PATCH, DELETE","TRUE","TRUE","path id; PATCH JSON body; DELETE no body","GET/PATCH VERIDIAN JSON; DELETE {deactivated:true,id,customer}","Read / update / soft-deactivate a customer"
"/api/customers","src/app/api/customers/route.ts","GET, POST","TRUE","TRUE","GET: full query string (search/page/pageSize); POST: JSON body","GET VERIDIAN JSON; POST 201","List / create customers"
"/api/dashboard/project/[projectId]","src/app/api/dashboard/project/[projectId]/route.ts","GET","TRUE","TRUE","path projectId","VERIDIAN JSON passthrough","Single-project dashboard data"
"/api/dashboard-hierarchy/companies/[companyId]/dashboard","src/app/api/dashboard-hierarchy/companies/[companyId]/dashboard/route.ts","GET","TRUE","TRUE","path companyId; selected query filters forwarded","hierarchy dashboard JSON; 401/400/403 {error}","Company-level hierarchy dashboard (requireCompanyScope)"
"/api/dashboard-hierarchy/companies/[companyId]/departments","src/app/api/dashboard-hierarchy/companies/[companyId]/departments/route.ts","GET","TRUE","TRUE","path companyId","VERIDIAN JSON passthrough","Departments under a company (requireCompanyScope)"
"/api/dashboard-hierarchy/companies/[companyId]/projects/[projectId]/category-distribution","src/app/api/dashboard-hierarchy/companies/[companyId]/projects/[projectId]/category-distribution/route.ts","GET","TRUE","TRUE","path companyId, projectId","computed category-distribution JSON","Category BOQ-amount vs progress distribution for a project"
"/api/dashboard-hierarchy/companies/[companyId]/projects/[projectId]","src/app/api/dashboard-hierarchy/companies/[companyId]/projects/[projectId]/route.ts","GET","TRUE","TRUE","path companyId, projectId; from, to","{projectId,projectName,budget,projectValue,revenue,revenueTruncated,expenses,progressPercent,delayedTaskCount,taskCount,photoCount,dateRangeApplied,fromDate,toDate}","Date-scoped project KPIs in the company hierarchy"
"/api/dashboard-hierarchy/companies","src/app/api/dashboard-hierarchy/companies/route.ts","GET","TRUE","TRUE","none","resolved companies-hierarchy JSON","List companies the signed-in user can see"
"/api/design-materials","src/app/api/design-materials/route.ts","GET, POST","TRUE","TRUE","GET: category (optional); POST: JSON body","GET VERIDIAN JSON; POST 201","Design material library list / create"
"/api/discuss","src/app/api/discuss/route.ts","POST","TRUE","TRUE","JSON body {message} required","{reply:string}; 400 {error}","Free-form AI discussion turn"
"/api/documents/[id]/dispose","src/app/api/documents/[id]/dispose/route.ts","POST","TRUE","TRUE","path id; no body","VERIDIAN JSON passthrough","Dispose (retention-close) a document"
"/api/documents/[id]","src/app/api/documents/[id]/route.ts","GET, PATCH","TRUE","TRUE","path id; PATCH JSON body","VERIDIAN JSON passthrough","Read / update a document record"
"/api/documents/[id]/versions","src/app/api/documents/[id]/versions/route.ts","POST","TRUE","TRUE","path id; multipart/form-data upload","201 VERIDIAN JSON; error {error}","Upload a new document version"
"/api/documents","src/app/api/documents/route.ts","GET, POST","TRUE","TRUE","GET: linkedEntityId or projectScopeId required, linkedEntityType, category; POST: multipart/form-data","GET VERIDIAN JSON; POST 201; 400 {error}","List documents for an entity / upload a document"
"/api/drawings/[id]/document-url","src/app/api/drawings/[id]/document-url/route.ts","GET","TRUE","TRUE","path id","{documentUrl, isExternalLink}; error {error}","Resolve a drawing's file URL"
"/api/drawings/[id]","src/app/api/drawings/[id]/route.ts","GET, PATCH, DELETE","TRUE","TRUE","path id; PATCH JSON body","VERIDIAN JSON; error {error}","Read / update / delete a drawing"
"/api/drawings/export","src/app/api/drawings/export/route.ts","GET","TRUE","TRUE","projectId required; kind, discipline, status","binary export stream; 400 {error}","Export the drawings register"
"/api/drawings","src/app/api/drawings/route.ts","GET, POST","TRUE","TRUE","GET: projectId required, kind/discipline/status; POST: multipart/form-data","GET VERIDIAN JSON; POST 201; 400 {error}","List drawings / upload a drawing"
"/api/employees/[id]","src/app/api/employees/[id]/route.ts","GET, PATCH","TRUE","TRUE","path id; PATCH JSON body","VERIDIAN JSON passthrough","Read / update an employee"
"/api/employees","src/app/api/employees/route.ts","GET, POST","TRUE","TRUE","GET: full query string; POST: JSON body","GET VERIDIAN JSON; POST 201","List / create employees"
"/api/expenses","src/app/api/expenses/route.ts","GET, POST","TRUE","TRUE","GET: projectId required; POST: JSON body","GET VERIDIAN JSON; POST 201; 400 {error}","Project expenses list / create"
"/api/ffe/[id]","src/app/api/ffe/[id]/route.ts","GET, PATCH","TRUE","TRUE","path id; PATCH JSON body (sent as action:'status')","VERIDIAN JSON passthrough","Read / change status of an FF&E item"
"/api/ffe/margin-summary","src/app/api/ffe/margin-summary/route.ts","GET","TRUE","TRUE","projectId required","VERIDIAN JSON; 400 {error}","FF&E margin summary"
"/api/ffe","src/app/api/ffe/route.ts","GET, POST","TRUE","TRUE","GET: projectId required; POST: JSON body","GET VERIDIAN JSON; POST 201; 400 {error}","FF&E schedule list / create"
"/api/finance-dashboard","src/app/api/finance-dashboard/route.ts","GET","TRUE","TRUE","none","VERIDIAN JSON passthrough","Finance dashboard aggregate"
"/api/fiscal-years","src/app/api/fiscal-years/route.ts","GET","TRUE","TRUE","none","cached VERIDIAN JSON","Fiscal-year lookup (cached)"
"/api/floor-plans/[id]/placements/[placementId]","src/app/api/floor-plans/[id]/placements/[placementId]/route.ts","PATCH, DELETE","TRUE","TRUE","path id, placementId; PATCH JSON body","VERIDIAN JSON passthrough","Move / remove a furniture placement"
"/api/floor-plans/[id]/placements","src/app/api/floor-plans/[id]/placements/route.ts","POST","TRUE","TRUE","path id; JSON body","201 VERIDIAN JSON","Add a placement to a floor plan"
"/api/floor-plans/[id]/rooms/[roomId]","src/app/api/floor-plans/[id]/rooms/[roomId]/route.ts","PATCH, DELETE","TRUE","TRUE","path id, roomId; PATCH JSON body","VERIDIAN JSON passthrough","Edit / delete a floor-plan room"
"/api/floor-plans/[id]/rooms","src/app/api/floor-plans/[id]/rooms/route.ts","POST","TRUE","TRUE","path id; JSON body","201 VERIDIAN JSON","Add a room to a floor plan"
"/api/floor-plans/[id]","src/app/api/floor-plans/[id]/route.ts","GET, PATCH","TRUE","TRUE","path id; PATCH JSON body (sent as action:'status')","VERIDIAN JSON passthrough","Read / change status of a floor plan"
"/api/floor-plans/[id]/scene","src/app/api/floor-plans/[id]/scene/route.ts","GET","TRUE","TRUE","path id","VERIDIAN JSON passthrough","Floor-plan 2D/3D scene payload"
"/api/floor-plans","src/app/api/floor-plans/route.ts","GET, POST","TRUE","TRUE","GET: projectId required; POST: JSON body","GET VERIDIAN JSON; POST 201; 400 {error}","Floor plans list / create"
"/api/fraud-cases/[id]","src/app/api/fraud-cases/[id]/route.ts","GET, PATCH","TRUE","TRUE","path id; PATCH JSON body","VERIDIAN JSON passthrough","Read / update a fraud case"
"/api/fraud-cases","src/app/api/fraud-cases/route.ts","GET, POST","TRUE","TRUE","GET: none; POST: JSON body","GET VERIDIAN JSON; POST 201","Fraud case register list / create"
"/api/grc-dashboard","src/app/api/grc-dashboard/route.ts","GET","TRUE","TRUE","none","VERIDIAN JSON passthrough","Governance/risk/compliance dashboard"
"/api/hr/departments","src/app/api/hr/departments/route.ts","GET, POST","TRUE","TRUE","GET: none; POST: JSON body","GET VERIDIAN JSON; POST 201","HR departments list / create"
"/api/hr/org-chart","src/app/api/hr/org-chart/route.ts","GET","TRUE","TRUE","none","VERIDIAN JSON passthrough","HR org chart"
"/api/inventory/items/[id]","src/app/api/inventory/items/[id]/route.ts","GET","TRUE","TRUE","path id","VERIDIAN JSON passthrough","Read one inventory item"
"/api/inventory/items","src/app/api/inventory/items/route.ts","GET, POST","TRUE","TRUE","GET: none; POST: JSON body","GET VERIDIAN JSON; POST 201","Inventory items list / create"
"/api/inventory/stock-balance","src/app/api/inventory/stock-balance/route.ts","GET","TRUE","TRUE","full query string forwarded","VERIDIAN JSON passthrough","Stock balance report"
"/api/inventory/stock-entries","src/app/api/inventory/stock-entries/route.ts","GET, POST","TRUE","TRUE","GET: full query string; POST: JSON body","GET VERIDIAN JSON; POST 201","Stock entries list / create"
"/api/inventory/warehouses","src/app/api/inventory/warehouses/route.ts","GET, POST","TRUE","TRUE","GET: none; POST: JSON body","GET VERIDIAN JSON; POST 201","Warehouses list / create"
"/api/journal-entries/[id]","src/app/api/journal-entries/[id]/route.ts","GET","TRUE","TRUE","path id","VERIDIAN JSON passthrough","Read one journal entry"
"/api/journal-entries/[id]/submit","src/app/api/journal-entries/[id]/submit/route.ts","POST","TRUE","TRUE","path id; no body","VERIDIAN JSON passthrough","Submit (post) a journal entry"
"/api/journal-entries","src/app/api/journal-entries/route.ts","GET, POST","TRUE","TRUE","GET: full query string; POST: JSON body","GET VERIDIAN JSON; POST 201","Journal entries list / create"
"/api/knowledge-base/[id]","src/app/api/knowledge-base/[id]/route.ts","GET, PATCH","TRUE","TRUE","path id; PATCH JSON body","VERIDIAN JSON passthrough","Read / update a knowledge-base article"
"/api/knowledge-base","src/app/api/knowledge-base/route.ts","GET, POST","TRUE","TRUE","GET: none; POST: JSON body, title required","GET VERIDIAN JSON; POST 201; 400 {error}","Knowledge base list / create"
"/api/knowledge-base/search","src/app/api/knowledge-base/search/route.ts","GET","TRUE","TRUE","q (defaults to empty string)","VERIDIAN JSON passthrough","Search the knowledge base"
"/api/kpi-entries/[id]/approve","src/app/api/kpi-entries/[id]/approve/route.ts","POST","TRUE","TRUE","path id; no body","VERIDIAN JSON passthrough","Approve a construction KPI entry"
"/api/kpi-entries","src/app/api/kpi-entries/route.ts","GET, POST","TRUE","TRUE","GET: kpiDefinitionId required; POST: JSON body","GET VERIDIAN JSON; POST 201; 400 {error}","KPI entries list / create"
"/api/kpis/[id]","src/app/api/kpis/[id]/route.ts","GET","TRUE","TRUE","path id","VERIDIAN JSON passthrough","Read one KPI definition"
"/api/kpis","src/app/api/kpis/route.ts","GET, POST","TRUE","TRUE","GET: projectId required; POST: JSON body","GET VERIDIAN JSON; POST 201; 400 {error}","KPI definitions list / create"
"/api/labour-roster/[id]","src/app/api/labour-roster/[id]/route.ts","GET, PATCH","TRUE","TRUE","path id; PATCH JSON body","VERIDIAN JSON passthrough","Read / update a labour roster row"
"/api/labour-roster/import","src/app/api/labour-roster/import/route.ts","POST","TRUE","TRUE","multipart/form-data; dryRun=1 query","200 (dryRun) or 201 VERIDIAN JSON; error {error}","Import labour roster from a file"
"/api/labour-roster","src/app/api/labour-roster/route.ts","GET, POST","TRUE","TRUE","GET: projectId required; POST: JSON body","GET VERIDIAN JSON; POST 201; 400 {error}","Labour roster list / create"
"/api/labour-roster/trades","src/app/api/labour-roster/trades/route.ts","GET","TRUE","TRUE","none","VERIDIAN JSON; error {error}","Trade (labour category) lookup"
"/api/leads/[id]/history","src/app/api/leads/[id]/history/route.ts","GET","TRUE","TRUE","path id","VERIDIAN JSON passthrough","Lead activity history"
"/api/leads/[id]","src/app/api/leads/[id]/route.ts","GET, PATCH","TRUE","TRUE","path id; PATCH JSON body","VERIDIAN JSON passthrough","Read / update a CRM lead"
"/api/leads/bulk-reassign","src/app/api/leads/bulk-reassign/route.ts","POST","TRUE","TRUE","JSON body (lead ids + new owner)","VERIDIAN JSON passthrough","Bulk-reassign lead ownership"
"/api/leads","src/app/api/leads/route.ts","GET, POST","TRUE","TRUE","GET: full query string; POST: JSON body","GET VERIDIAN JSON; POST 201","Leads list / create"
"/api/leave/balances","src/app/api/leave/balances/route.ts","GET, POST","TRUE","TRUE","GET: none; POST: JSON body","GET VERIDIAN JSON; POST 201","Leave balances list / create"
"/api/leave/requests/[id]/decision","src/app/api/leave/requests/[id]/decision/route.ts","POST","TRUE","TRUE","path id; JSON body (approve/reject)","VERIDIAN JSON passthrough","Approve or reject a leave request"
"/api/leave/requests","src/app/api/leave/requests/route.ts","GET, POST","TRUE","TRUE","GET: full query string; POST: JSON body","GET VERIDIAN JSON; POST 201","Leave requests list / create"
"/api/manpower-cost-report","src/app/api/manpower-cost-report/route.ts","GET","TRUE","TRUE","projectId required; trade, date","VERIDIAN JSON; 400 {error}","Manpower cost report"
"/api/materials/[id]","src/app/api/materials/[id]/route.ts","GET, PATCH","TRUE","TRUE","path id; PATCH JSON body","VERIDIAN JSON; error {error}","Read / update a material receipt"
"/api/materials/issues","src/app/api/materials/issues/route.ts","GET, POST","TRUE","TRUE","GET: projectId required; POST: JSON body","GET VERIDIAN JSON; POST 201; 400 {error}","Material issues (site consumption) list / create"
"/api/materials/master/[id]","src/app/api/materials/master/[id]/route.ts","GET, PATCH","TRUE","TRUE","path id; PATCH JSON body","VERIDIAN JSON passthrough","Read / update a material master record"
"/api/materials/master","src/app/api/materials/master/route.ts","GET, POST","TRUE","TRUE","GET: projectId required; POST: JSON body","GET VERIDIAN JSON; POST 201; 400 {error}","Material master list / create"
"/api/materials","src/app/api/materials/route.ts","GET, POST","TRUE","TRUE","GET: projectId required; POST: JSON body","GET VERIDIAN JSON; POST 201; 400 {error}","Material receipts (GRN) list / create"
"/api/meetings/[id]/outcomes","src/app/api/meetings/[id]/outcomes/route.ts","POST","TRUE","TRUE","path id; JSON body","201 VERIDIAN JSON","Record meeting outcomes"
"/api/meetings/[id]","src/app/api/meetings/[id]/route.ts","GET, PATCH","TRUE","TRUE","path id; PATCH JSON body","VERIDIAN JSON passthrough","Read / update a meeting"
"/api/meetings","src/app/api/meetings/route.ts","GET, POST","TRUE","TRUE","GET: projectId required; POST: JSON body","GET VERIDIAN JSON; POST 201; 400 {error}","Meetings list / create"
"/api/module-chain","src/app/api/module-chain/route.ts","GET","TRUE","TRUE","none","{nodes:[...]}","Module chain graph"
"/api/moms/[id]/action-items","src/app/api/moms/[id]/action-items/route.ts","POST","TRUE","TRUE","path id; JSON body","201 VERIDIAN JSON","Add an action item to minutes of meeting"
"/api/moms/[id]/generate-intelligence","src/app/api/moms/[id]/generate-intelligence/route.ts","POST","TRUE","TRUE","path id; no body","VERIDIAN JSON passthrough","AI-generate insights for a MoM"
"/api/moms/[id]/pdf","src/app/api/moms/[id]/pdf/route.ts","GET","TRUE","TRUE","path id","application/pdf binary","Download minutes-of-meeting PDF"
"/api/moms/[id]","src/app/api/moms/[id]/route.ts","GET, PATCH, DELETE","TRUE","TRUE","path id; PATCH JSON body","VERIDIAN JSON passthrough","Read / update / delete minutes of meeting"
"/api/moms/[id]/share-links","src/app/api/moms/[id]/share-links/route.ts","GET, POST","TRUE","TRUE","path id; POST JSON body","GET {links:[{...,url}]}; POST 201 VERIDIAN JSON","List / create MoM public share links"
"/api/moms","src/app/api/moms/route.ts","GET, POST","TRUE","TRUE","GET: projectId (optional); POST: JSON body","GET VERIDIAN JSON; POST 201","Minutes of meeting list / create"
"/api/moms/share-links/[linkId]","src/app/api/moms/share-links/[linkId]/route.ts","DELETE","TRUE","TRUE","path linkId","VERIDIAN JSON passthrough","Revoke a MoM share link"
"/api/mood-boards/[id]/items/[itemId]","src/app/api/mood-boards/[id]/items/[itemId]/route.ts","DELETE","TRUE","TRUE","path id, itemId","VERIDIAN JSON passthrough","Remove an item from a mood board"
"/api/mood-boards/[id]","src/app/api/mood-boards/[id]/route.ts","GET, PATCH, POST","TRUE","TRUE","path id; PATCH/POST JSON body","GET/PATCH VERIDIAN JSON; POST 201","Read / update a mood board, add an item"
"/api/mood-boards","src/app/api/mood-boards/route.ts","GET, POST","TRUE","TRUE","GET: projectId required; POST: JSON body","GET VERIDIAN JSON; POST 201; 400 {error}","Mood boards list / create"
"/api/notifications/[id]/read","src/app/api/notifications/[id]/read/route.ts","PATCH","TRUE","FALSE","path id; no body","{success:true}; 404/500 {error}","Mark one notification read (scoped by user_id, not org)"
"/api/notifications","src/app/api/notifications/route.ts","GET","TRUE","FALSE","none","{notifications:[{id,title,message,type,isRead,metadata,createdAt}], unreadCount}","List the signed-in user's notifications (user_id scoped)"
"/api/opportunities/[id]/history","src/app/api/opportunities/[id]/history/route.ts","GET","TRUE","TRUE","path id","VERIDIAN JSON passthrough","Opportunity stage history"
"/api/opportunities/[id]","src/app/api/opportunities/[id]/route.ts","GET, PATCH","TRUE","TRUE","path id; PATCH JSON body","VERIDIAN JSON passthrough","Read / update a CRM opportunity"
"/api/opportunities/bulk-reassign","src/app/api/opportunities/bulk-reassign/route.ts","POST","TRUE","TRUE","JSON body (ids + new owner)","VERIDIAN JSON passthrough","Bulk-reassign opportunity ownership"
"/api/opportunities","src/app/api/opportunities/route.ts","GET, POST","TRUE","TRUE","GET: full query string; POST: JSON body","GET VERIDIAN JSON; POST 201","Opportunities list / create"
"/api/org/invites/[id]","src/app/api/org/invites/[id]/route.ts","DELETE","TRUE","TRUE","path id","{revoked:id}; 404/500 {error}; 403 on role fail","Revoke a pending org invite (ORG_ADMIN)"
"/api/org/invites/accept","src/app/api/org/invites/accept/route.ts","POST","TRUE","TRUE","JSON body {token} required","{organizationId}; 401/400/error {error}","Accept an org invitation (auth via getClaims, not requireAuth)"
"/api/org/invites/preview","src/app/api/org/invites/preview/route.ts","GET","FALSE","FALSE","token query param required","{invite:{...}}; 400/404/500 {error}","Public preview of an invite token before sign-in"
"/api/org/invites","src/app/api/org/invites/route.ts","GET, POST","TRUE","TRUE","GET: none; POST: JSON {email, role}","GET {invites:[...]}; POST 201 {invite}; 400/409/500 {error}","List / send org invitations (ORG_ADMIN)"
"/api/org/provision","src/app/api/org/provision/route.ts","POST","TRUE","TRUE","JSON body {orgName} required","{organizationId, veridianConnected...} or 201 {organizationId}; 400/401/500 {error}","Provision a new organization + VERIDIAN org/API key"
"/api/org/repair","src/app/api/org/repair/route.ts","GET, POST","TRUE","TRUE","GET: none; POST: no body","GET {organizationId, ...status}; POST 201 {organizationId, repaired:true}; 409/500/503 {error}","Inspect / re-provision missing VERIDIAN credentials (ORG_ADMIN)"
"/api/organization/currency","src/app/api/organization/currency/route.ts","GET, PUT","TRUE","TRUE","GET: none; PUT: JSON {code} 3-letter ISO","GET VERIDIAN JSON; PUT VERIDIAN JSON; 400 {error}; 403 on role fail","Read / set the organization base currency (PUT needs ORG_ADMIN)"
"/api/organization","src/app/api/organization/route.ts","GET","TRUE","TRUE","none","{organization, role, email}; 404 {error}","Current organization profile + caller's role"
"/api/org-members/[id]","src/app/api/org-members/[id]/route.ts","PATCH","TRUE","TRUE","path id; JSON {role} from ALL_ORG_ROLES","{member}; 400/404/409/500 {error}; 403 on role fail","Change a member's role, guarding last admin (ORG_ADMIN)"
"/api/org-members","src/app/api/org-members/route.ts","GET","TRUE","TRUE","none","{members:[...]}; 500 {error}","List organization members"
"/api/org-users","src/app/api/org-users/route.ts","GET","TRUE","TRUE","q (optional search)","VERIDIAN JSON; error {error}","Search VERIDIAN users for assignment pickers"
"/api/payroll/employees/[id]/income-tax-slab","src/app/api/payroll/employees/[id]/income-tax-slab/route.ts","POST","TRUE","TRUE","path id; JSON body","VERIDIAN JSON passthrough","Assign an income-tax slab to an employee"
"/api/payroll/employees/[id]/tax-exemptions","src/app/api/payroll/employees/[id]/tax-exemptions/route.ts","GET, POST","TRUE","TRUE","path id; POST JSON body","GET VERIDIAN JSON; POST 201","Employee tax exemptions list / create"
"/api/payroll/income-tax-slabs","src/app/api/payroll/income-tax-slabs/route.ts","GET, POST","TRUE","TRUE","GET: none; POST: JSON body","GET VERIDIAN JSON; POST 201","Income-tax slabs list / create"
"/api/payroll/payslips/[id]/finalize","src/app/api/payroll/payslips/[id]/finalize/route.ts","POST","TRUE","TRUE","path id; no body","VERIDIAN JSON passthrough","Finalize a payslip"
"/api/payroll/payslips/[id]/pdf","src/app/api/payroll/payslips/[id]/pdf/route.ts","GET","TRUE","TRUE","path id","binary payslip file with upstream content-type","Download payslip PDF"
"/api/payroll/payslips/[id]","src/app/api/payroll/payslips/[id]/route.ts","GET","TRUE","TRUE","path id","VERIDIAN JSON passthrough","Read one payslip"
"/api/payroll/payslips/[id]/tds","src/app/api/payroll/payslips/[id]/tds/route.ts","POST","TRUE","TRUE","path id; JSON body","VERIDIAN JSON passthrough","Set TDS on a payslip"
"/api/payroll/runs/[id]/payslips","src/app/api/payroll/runs/[id]/payslips/route.ts","GET","TRUE","TRUE","path id","VERIDIAN JSON passthrough","List payslips in a payroll run"
"/api/payroll/runs/[id]/process","src/app/api/payroll/runs/[id]/process/route.ts","POST","TRUE","TRUE","path id; no body","VERIDIAN JSON passthrough","Process (run) a payroll run"
"/api/payroll/runs/[id]","src/app/api/payroll/runs/[id]/route.ts","GET","TRUE","TRUE","path id","VERIDIAN JSON passthrough","Read one payroll run"
"/api/payroll/runs","src/app/api/payroll/runs/route.ts","GET, POST","TRUE","TRUE","GET: none; POST: JSON body","GET VERIDIAN JSON; POST 201","Payroll runs list / create"
"/api/payroll/salary-components","src/app/api/payroll/salary-components/route.ts","GET, POST","TRUE","TRUE","GET: none; POST: JSON body","GET VERIDIAN JSON; POST 201","Salary components list / create"
"/api/payroll/salary-structures","src/app/api/payroll/salary-structures/route.ts","GET, POST","TRUE","TRUE","GET: none; POST: JSON body","GET VERIDIAN JSON; POST 201","Salary structures list / create"
"/api/payroll/statutory-rules","src/app/api/payroll/statutory-rules/route.ts","GET, POST","TRUE","TRUE","GET: none; POST: JSON body","GET VERIDIAN JSON; POST 201","Statutory payroll rules list / create"
"/api/permits/[id]","src/app/api/permits/[id]/route.ts","GET, PATCH, DELETE","TRUE","TRUE","path id; PATCH JSON body (actorEmail added from session)","VERIDIAN JSON passthrough","Read / update / delete a permit"
"/api/permits","src/app/api/permits/route.ts","GET, POST","TRUE","TRUE","GET: withinDays, projectId, all; POST: multipart/form-data","GET VERIDIAN JSON; POST 201","Permits register list / upload"
"/api/pill-usage","src/app/api/pill-usage/route.ts","GET, POST","TRUE","TRUE","GET: whitelisted filter params; POST: JSON body required","GET VERIDIAN JSON; POST 201; 400 {error}","Composer pill usage telemetry read / record"
"/api/policies/[id]","src/app/api/policies/[id]/route.ts","GET, PATCH","TRUE","TRUE","path id; PATCH JSON body","VERIDIAN JSON passthrough","Read / update a policy"
"/api/policies","src/app/api/policies/route.ts","GET, POST","TRUE","TRUE","GET: none; POST: JSON body","GET VERIDIAN JSON; POST 201","Policies list / create"
"/api/procurement/goods-receipts/[id]","src/app/api/procurement/goods-receipts/[id]/route.ts","GET","TRUE","TRUE","path id","VERIDIAN JSON passthrough","Read one goods receipt"
"/api/procurement/goods-receipts/[id]/submit","src/app/api/procurement/goods-receipts/[id]/submit/route.ts","POST","TRUE","TRUE","path id; empty body sent upstream","VERIDIAN JSON passthrough","Submit a goods receipt"
"/api/procurement/goods-receipts","src/app/api/procurement/goods-receipts/route.ts","GET, POST","TRUE","TRUE","GET: none; POST: JSON body","GET VERIDIAN JSON; POST 201","Goods receipts list / create"
"/api/procurement/purchase-orders/[id]","src/app/api/procurement/purchase-orders/[id]/route.ts","GET, PATCH, DELETE","TRUE","TRUE","path id; PATCH JSON body","VERIDIAN JSON passthrough","Read / update / delete a procurement PO"
"/api/procurement/purchase-orders/[id]/submit","src/app/api/procurement/purchase-orders/[id]/submit/route.ts","POST","TRUE","TRUE","path id; empty body sent upstream","VERIDIAN JSON passthrough","Submit a procurement PO"
"/api/procurement/purchase-orders","src/app/api/procurement/purchase-orders/route.ts","GET, POST","TRUE","TRUE","GET: none; POST: JSON body","GET VERIDIAN JSON; POST 201","Procurement POs list / create"
"/api/procurement/quotations","src/app/api/procurement/quotations/route.ts","GET, POST","TRUE","TRUE","GET: full query string; POST: JSON body","GET VERIDIAN JSON; POST 201","Supplier quotations list / create"
"/api/procurement/requisitions/[id]","src/app/api/procurement/requisitions/[id]/route.ts","GET","TRUE","TRUE","path id","VERIDIAN JSON passthrough","Read one purchase requisition"
"/api/procurement/requisitions/[id]/submit","src/app/api/procurement/requisitions/[id]/submit/route.ts","POST","TRUE","TRUE","path id; empty body sent upstream","VERIDIAN JSON passthrough","Submit a purchase requisition"
"/api/procurement/requisitions","src/app/api/procurement/requisitions/route.ts","GET, POST","TRUE","TRUE","GET: none; POST: JSON body","GET VERIDIAN JSON; POST 201","Purchase requisitions list / create"
"/api/procurement/rfqs/[id]/comparison","src/app/api/procurement/rfqs/[id]/comparison/route.ts","GET","TRUE","TRUE","path id","VERIDIAN JSON passthrough","RFQ bid comparison sheet"
"/api/procurement/rfqs/[id]","src/app/api/procurement/rfqs/[id]/route.ts","GET","TRUE","TRUE","path id","VERIDIAN JSON passthrough","Read one RFQ"
"/api/procurement/rfqs/[id]/send","src/app/api/procurement/rfqs/[id]/send/route.ts","POST","TRUE","TRUE","path id; empty body sent upstream","VERIDIAN JSON passthrough","Send an RFQ to vendors"
"/api/procurement/rfqs","src/app/api/procurement/rfqs/route.ts","GET, POST","TRUE","TRUE","GET: none; POST: JSON body","GET VERIDIAN JSON; POST 201","RFQs list / create"
"/api/products","src/app/api/products/route.ts","GET","TRUE","TRUE","none","{products:[{id,name}]}","Product lookup for pickers"
"/api/profit-and-loss","src/app/api/profit-and-loss/route.ts","GET","TRUE","TRUE","full query string forwarded","VERIDIAN JSON passthrough","P&L statement"
"/api/profit-and-loss-by-project","src/app/api/profit-and-loss-by-project/route.ts","GET","TRUE","TRUE","full query string forwarded","VERIDIAN JSON passthrough","P&L broken down by project"
"/api/project-budgets/[id]/cancel","src/app/api/project-budgets/[id]/cancel/route.ts","POST","TRUE","TRUE","path id; no body","VERIDIAN JSON passthrough","Cancel a project budget"
"/api/project-budgets/[id]","src/app/api/project-budgets/[id]/route.ts","GET, PATCH","TRUE","TRUE","path id; PATCH JSON body","VERIDIAN JSON passthrough","Read / update a project budget"
"/api/project-budgets/[id]/submit","src/app/api/project-budgets/[id]/submit/route.ts","POST","TRUE","TRUE","path id; no body","VERIDIAN JSON passthrough","Submit a project budget for approval"
"/api/project-budgets/[id]/variance","src/app/api/project-budgets/[id]/variance/route.ts","GET","TRUE","TRUE","path id; asOfDate","VERIDIAN JSON passthrough","Budget variance as of a date"
"/api/project-budgets","src/app/api/project-budgets/route.ts","GET, POST","TRUE","TRUE","GET: full query string; POST: JSON body","GET VERIDIAN JSON; POST 201; 403 on role fail","Project budgets list / create (POST needs PM_OR_ABOVE)"
"/api/projects/[id]/category-distribution","src/app/api/projects/[id]/category-distribution/route.ts","GET","TRUE","TRUE","path id (projectId)","computed category-distribution JSON; error {error}","Category BOQ-amount vs progress distribution"
"/api/projects/[id]","src/app/api/projects/[id]/route.ts","PATCH","TRUE","TRUE","path id; JSON body","VERIDIAN JSON passthrough","Update a project"
"/api/projects/overview","src/app/api/projects/overview/route.ts","GET","TRUE","TRUE","none","{projects:[...]}","Portfolio overview of all projects"
"/api/projects","src/app/api/projects/route.ts","GET, POST","TRUE","TRUE","GET: none; POST: JSON body","GET {projects:[{id,name,status}]}; POST 201","Projects list / create"
"/api/punch-list/[id]","src/app/api/punch-list/[id]/route.ts","GET, PATCH","TRUE","TRUE","path id; PATCH JSON body","VERIDIAN JSON; 403 on role fail","Read / update a punch-list item (PATCH needs FIELD roles)"
"/api/punch-list","src/app/api/punch-list/route.ts","GET, POST","TRUE","TRUE","GET: projectId required; POST: JSON body","GET VERIDIAN JSON; POST 201 (+ notifies org members); 400/403 {error}","Punch list read / create (POST needs FIELD roles)"
"/api/purchase-orders","src/app/api/purchase-orders/route.ts","GET, POST","TRUE","TRUE","GET: full query string; POST: JSON body","GET VERIDIAN JSON; POST 201; 403 on role fail","Purchase orders list / create (POST needs PM_OR_ABOVE)"
"/api/quotations/[id]/convert","src/app/api/quotations/[id]/convert/route.ts","POST","TRUE","TRUE","path id; JSON body","201 VERIDIAN JSON","Convert a quotation to a sales order"
"/api/quotations/[id]/pdf","src/app/api/quotations/[id]/pdf/route.ts","GET","TRUE","TRUE","path id","application/pdf binary","Download quotation PDF"
"/api/quotations/[id]/revisions","src/app/api/quotations/[id]/revisions/route.ts","POST","TRUE","TRUE","path id; JSON body (defaults to {})","201 VERIDIAN JSON","Create a quotation revision"
"/api/quotations/[id]","src/app/api/quotations/[id]/route.ts","GET, PATCH","TRUE","TRUE","path id; PATCH JSON body","VERIDIAN JSON passthrough","Read / update a quotation"
"/api/quotations","src/app/api/quotations/route.ts","GET, POST","TRUE","TRUE","GET: full query string; POST: JSON body","GET VERIDIAN JSON; POST 201","Quotations list / create"
"/api/recruitment/applications/[id]/hire","src/app/api/recruitment/applications/[id]/hire/route.ts","POST","TRUE","TRUE","path id; JSON body","VERIDIAN JSON passthrough","Hire a candidate from an application"
"/api/recruitment/applications/[id]/interviews","src/app/api/recruitment/applications/[id]/interviews/route.ts","GET, POST","TRUE","TRUE","path id; POST JSON body","GET VERIDIAN JSON; POST 201","Application interviews list / schedule"
"/api/recruitment/applications/[id]","src/app/api/recruitment/applications/[id]/route.ts","GET","TRUE","TRUE","path id","VERIDIAN JSON passthrough","Read one job application"
"/api/recruitment/applications/[id]/stage","src/app/api/recruitment/applications/[id]/stage/route.ts","POST","TRUE","TRUE","path id; JSON body","VERIDIAN JSON passthrough","Move an application to another stage"
"/api/recruitment/applications","src/app/api/recruitment/applications/route.ts","GET, POST","TRUE","TRUE","GET: none; POST: JSON body","GET VERIDIAN JSON; POST 201","Applications list / create"
"/api/recruitment/candidates","src/app/api/recruitment/candidates/route.ts","GET, POST","TRUE","TRUE","GET: none; POST: JSON body","GET VERIDIAN JSON; POST 201","Candidates list / create"
"/api/recruitment/interviews/[id]/feedback","src/app/api/recruitment/interviews/[id]/feedback/route.ts","POST","TRUE","TRUE","path id; JSON body","VERIDIAN JSON passthrough","Submit interview feedback"
"/api/recruitment/job-openings/[id]","src/app/api/recruitment/job-openings/[id]/route.ts","GET","TRUE","TRUE","path id","VERIDIAN JSON passthrough","Read one job opening"
"/api/recruitment/job-openings/[id]/status","src/app/api/recruitment/job-openings/[id]/status/route.ts","POST","TRUE","TRUE","path id; JSON body","VERIDIAN JSON passthrough","Change job-opening status"
"/api/recruitment/job-openings","src/app/api/recruitment/job-openings/route.ts","GET, POST","TRUE","TRUE","GET: none; POST: JSON body","GET VERIDIAN JSON; POST 201","Job openings list / create"
"/api/reports/[reportName]/export","src/app/api/reports/[reportName]/export/route.ts","GET","TRUE","TRUE","path reportName; projectId required; format (validated), category[], vendorId, extra filters","binary export with upstream content-type; 400 {error}","Export any catalogued report to a file"
"/api/reports/[reportName]","src/app/api/reports/[reportName]/route.ts","GET","TRUE","TRUE","path reportName; full query string forwarded","VERIDIAN JSON passthrough","Run any catalogued report"
"/api/reports/[reportName]/share","src/app/api/reports/[reportName]/share/route.ts","POST","TRUE","TRUE","path reportName; JSON body {projectId, from, to}","201 {url, expiresAt}; 400 {error}","Create a public share link for a report"
"/api/reports/budget-variance/export","src/app/api/reports/budget-variance/export/route.ts","GET","TRUE","TRUE","projectId required; format (validated), category[], vendorId","binary export with upstream content-type; 400 {error}","Export the budget-variance report"
"/api/reports/catalog","src/app/api/reports/catalog/route.ts","GET","TRUE","TRUE","none","VERIDIAN JSON passthrough","List available report definitions"
"/api/reports/definitions/[id]/run","src/app/api/reports/definitions/[id]/run/route.ts","POST","TRUE","TRUE","path id; JSON body (defaults to {})","VERIDIAN JSON passthrough","Run a saved report definition"
"/api/reports/portfolio/budget-vs-actual","src/app/api/reports/portfolio/budget-vs-actual/route.ts","GET","TRUE","TRUE","full query string forwarded","VERIDIAN JSON; error {error}","Portfolio-wide budget vs actual"
"/api/rfis/[id]","src/app/api/rfis/[id]/route.ts","GET, PATCH","TRUE","TRUE","path id; PATCH JSON body","VERIDIAN JSON passthrough","Read / update an RFI"
"/api/rfis","src/app/api/rfis/route.ts","GET, POST","TRUE","TRUE","GET: projectId required; POST: JSON body","GET VERIDIAN JSON; POST 201 (+ notifies org members); 400 {error}","RFIs list / create"
"/api/risks/[id]","src/app/api/risks/[id]/route.ts","GET, PATCH","TRUE","TRUE","path id; PATCH JSON body","VERIDIAN JSON passthrough","Read / update a risk"
"/api/risks","src/app/api/risks/route.ts","GET, POST","TRUE","TRUE","GET: none; POST: JSON body","GET VERIDIAN JSON; POST 201","Risk register list / create"
"/api/sales-invoices/[id]/cancel","src/app/api/sales-invoices/[id]/cancel/route.ts","POST","TRUE","TRUE","path id; no body","VERIDIAN JSON passthrough","Cancel a sales invoice"
"/api/sales-invoices/[id]/payments","src/app/api/sales-invoices/[id]/payments/route.ts","POST","TRUE","TRUE","path id; JSON body","201 VERIDIAN JSON","Record a payment against an invoice"
"/api/sales-invoices/[id]","src/app/api/sales-invoices/[id]/route.ts","GET","TRUE","TRUE","path id","VERIDIAN JSON passthrough","Read one sales invoice"
"/api/sales-invoices/[id]/submit","src/app/api/sales-invoices/[id]/submit/route.ts","POST","TRUE","TRUE","path id; JSON body","VERIDIAN JSON passthrough","Submit (post) a sales invoice"
"/api/sales-invoices","src/app/api/sales-invoices/route.ts","GET, POST","TRUE","TRUE","GET: full query string; POST: JSON body","GET VERIDIAN JSON; POST 201","Sales invoices list / create"
"/api/sales-order-document-flow/[id]","src/app/api/sales-order-document-flow/[id]/route.ts","GET","TRUE","TRUE","path id","VERIDIAN JSON passthrough","Linked-document flow for a sales order"
"/api/sales-orders/[id]","src/app/api/sales-orders/[id]/route.ts","GET, PATCH","TRUE","TRUE","path id; PATCH JSON body","VERIDIAN JSON passthrough","Read / update a sales order"
"/api/sales-orders/bulk-status","src/app/api/sales-orders/bulk-status/route.ts","POST","TRUE","TRUE","JSON body (ids + status)","VERIDIAN JSON passthrough","Bulk status change on sales orders"
"/api/sales-orders","src/app/api/sales-orders/route.ts","GET, POST","TRUE","TRUE","GET: full query string; POST: JSON body","GET VERIDIAN JSON; POST 201","Sales orders list / create"
"/api/sales-pipeline","src/app/api/sales-pipeline/route.ts","GET","TRUE","TRUE","none","VERIDIAN JSON passthrough","Sales pipeline summary"
"/api/schedule/baselines/[id]","src/app/api/schedule/baselines/[id]/route.ts","GET","TRUE","TRUE","path id","VERIDIAN JSON passthrough","Read one schedule baseline"
"/api/schedule/baselines","src/app/api/schedule/baselines/route.ts","GET, POST","TRUE","TRUE","GET: projectId required; POST: JSON {projectId, name} required","GET VERIDIAN JSON; POST 201; 400/403 {error}","Schedule baselines list / snapshot (POST needs PM_OR_ABOVE)"
"/api/schedule/gantt","src/app/api/schedule/gantt/route.ts","GET","TRUE","TRUE","projectId required","VERIDIAN JSON; 400 {error}","Gantt chart data"
"/api/schedule/import","src/app/api/schedule/import/route.ts","POST","TRUE","TRUE","multipart/form-data (dryRun flag read from form)","200 (dryRun) or 201 VERIDIAN JSON; error {error}","Import a project schedule from a file"
"/api/schedule/sprints/[id]/issues","src/app/api/schedule/sprints/[id]/issues/route.ts","GET, POST, DELETE","TRUE","TRUE","path id; POST JSON {issueId} required; DELETE issueId query required","GET VERIDIAN JSON; POST 201; DELETE VERIDIAN JSON; 400 {error}","Manage issues inside a sprint"
"/api/schedule/sprints/[id]","src/app/api/schedule/sprints/[id]/route.ts","PATCH","TRUE","TRUE","path id; JSON body","VERIDIAN JSON passthrough","Update a sprint"
"/api/schedule/sprints","src/app/api/schedule/sprints/route.ts","GET, POST","TRUE","TRUE","GET: projectId required; POST: JSON {projectId, name} required","GET VERIDIAN JSON; POST 201; 400 {error}","Sprints list / create"
"/api/schedule/tasks/[id]/completion","src/app/api/schedule/tasks/[id]/completion/route.ts","GET, PATCH","TRUE","TRUE","path id; PATCH JSON body","VERIDIAN JSON; error {error}","Read / set schedule task completion"
"/api/schedule/tasks/[id]","src/app/api/schedule/tasks/[id]/route.ts","GET, PATCH","TRUE","TRUE","path id; PATCH JSON body","VERIDIAN JSON passthrough","Read / update a schedule task"
"/api/schedule/tasks","src/app/api/schedule/tasks/route.ts","GET, POST","TRUE","TRUE","GET: projectId required; POST: JSON body, projectId+title+startDate required","GET VERIDIAN JSON; POST 201; 400 {error}","Schedule tasks list / create"
"/api/schedule/types","src/app/api/schedule/types/route.ts","GET","TRUE","TRUE","none","VERIDIAN JSON passthrough","Schedule task-type lookup"
"/api/schedule/workload","src/app/api/schedule/workload/route.ts","GET, POST","TRUE","TRUE","GET: projectId required; POST: JSON {projectId,userId,allocatedHoursPerDay,startDate,endDate} required","GET VERIDIAN JSON; POST 201; 400 {error}","Resource workload read / allocate"
"/api/schedule-tracker","src/app/api/schedule-tracker/route.ts","GET","TRUE","TRUE","projectId required","VERIDIAN JSON; 400 {error}","Construction schedule tracker view"
"/api/scope/[id]/approve","src/app/api/scope/[id]/approve/route.ts","POST","TRUE","TRUE","path id; no body","VERIDIAN JSON passthrough","Approve a BOQ / scope document"
"/api/scope/[id]/compare","src/app/api/scope/[id]/compare/route.ts","GET","TRUE","TRUE","path id; against query param","VERIDIAN JSON passthrough","Compare two scope revisions"
"/api/scope/[id]/revisions","src/app/api/scope/[id]/revisions/route.ts","POST","TRUE","TRUE","path id; JSON body","201 VERIDIAN JSON","Create a scope revision"
"/api/scope/[id]","src/app/api/scope/[id]/route.ts","GET, DELETE","TRUE","TRUE","path id","VERIDIAN JSON passthrough","Read / delete a BOQ scope document"
"/api/scope/[id]/submit","src/app/api/scope/[id]/submit/route.ts","POST","TRUE","TRUE","path id; no body","VERIDIAN JSON passthrough","Submit a scope document for approval"
"/api/scope/categories/[id]","src/app/api/scope/categories/[id]/route.ts","PATCH, DELETE","TRUE","TRUE","path id; PATCH JSON body (must be valid JSON)","VERIDIAN JSON; 400/error {error}","Update / delete a scope category"
"/api/scope/categories","src/app/api/scope/categories/route.ts","GET, POST","TRUE","TRUE","GET: includeInactive=1; POST: JSON body (must be valid JSON)","GET VERIDIAN JSON; POST 201; 400 {error}","Scope categories list / create"
"/api/scope/import","src/app/api/scope/import/route.ts","POST","TRUE","TRUE","multipart/form-data; dryRun=1 (query or form)","200 (dryRun) or 201 VERIDIAN JSON","Import a BOQ from a spreadsheet"
"/api/scope/import/template","src/app/api/scope/import/template/route.ts","GET","TRUE","TRUE","none","binary template file; error {error}","Download the BOQ import template"
"/api/scope/line-items/[id]","src/app/api/scope/line-items/[id]/route.ts","PATCH","TRUE","TRUE","path id; JSON body","VERIDIAN JSON passthrough","Update one BOQ line item"
"/api/scope/lines","src/app/api/scope/lines/route.ts","GET","TRUE","TRUE","projectId required; extra filters forwarded","VERIDIAN JSON; 400/error {error}","BOQ lines list for a project"
"/api/scope","src/app/api/scope/route.ts","GET, POST","TRUE","TRUE","GET: projectId required, include (csv); POST: JSON body (must be valid JSON)","GET VERIDIAN JSON; POST 201; 400/502 {error}","BOQ/scope documents list / create"
"/api/screen-drafts/[id]","src/app/api/screen-drafts/[id]/route.ts","PATCH, DELETE","TRUE","TRUE","path id; PATCH JSON body (actorEmail added from session)","VERIDIAN JSON passthrough","Update / delete a composer screen draft"
"/api/screen-drafts","src/app/api/screen-drafts/route.ts","GET, POST","TRUE","TRUE","GET: functionId required, objectId; POST: JSON body (actorEmail added)","GET VERIDIAN JSON; POST 201; 400 {error}","Screen drafts list / create"
"/api/search","src/app/api/search/route.ts","GET","TRUE","TRUE","q or search; limit (1-20, default 8); projectId","{query, total, results}; 500 {error}","Global cross-module search"
"/api/shared/mom/[token]/pdf","src/app/api/shared/mom/[token]/pdf/route.ts","GET","FALSE","FALSE","path token (share token is the only credential)","application/pdf binary; 404/502 {error}","Deliberately public: download shared MoM PDF via share token"
"/api/shell","src/app/api/shell/route.ts","GET","TRUE","TRUE","none (force-dynamic)","{organization, role, email, userId, projects, notifications, unreadCount, pillUsage, recentChains, capabilityTree/currencies/vendors, per-source errors}","One-shot app-shell bootstrap fan-out"
"/api/site-diary/[id]","src/app/api/site-diary/[id]/route.ts","GET","TRUE","TRUE","path id","VERIDIAN JSON passthrough","Read one site diary entry"
"/api/site-diary","src/app/api/site-diary/route.ts","GET, POST","TRUE","TRUE","GET: projectId required; POST: JSON body","GET VERIDIAN JSON; POST 201; 400/403 {error}","Site diary list / create (POST needs FIELD roles)"
"/api/site-instructions/[id]","src/app/api/site-instructions/[id]/route.ts","GET","TRUE","TRUE","path id","VERIDIAN JSON passthrough","Read one site instruction"
"/api/site-instructions","src/app/api/site-instructions/route.ts","GET, POST","TRUE","TRUE","GET: projectId required; POST: JSON body OR multipart/form-data with file","GET VERIDIAN JSON; POST 201 {siteInstruction[, document, fileName]}; 207 partial; 400/403 {error}","Site instructions list / create with optional attachment (POST needs PM_OR_ABOVE)"
"/api/submittals/[id]","src/app/api/submittals/[id]/route.ts","GET, PATCH","TRUE","TRUE","path id; PATCH JSON body","VERIDIAN JSON (PATCH also notifies org members)","Read / update a submittal"
"/api/submittals","src/app/api/submittals/route.ts","GET, POST","TRUE","TRUE","GET: projectId required; POST: JSON body","GET VERIDIAN JSON; POST 201; 400 {error}","Submittals list / create"
"/api/tasks/[id]","src/app/api/tasks/[id]/route.ts","GET","TRUE","TRUE","path id required (force-dynamic)","VERIDIAN JSON; 400 {error}","Read one task"
"/api/tasks","src/app/api/tasks/route.ts","GET, POST","TRUE","TRUE","GET: whitelisted filter params; POST: JSON body required","GET VERIDIAN JSON; POST 201; 400 {error}","Tasks list / create"
"/api/timesheets/[id]/approve","src/app/api/timesheets/[id]/approve/route.ts","POST","TRUE","TRUE","path id; no body","VERIDIAN JSON passthrough","Approve a timesheet entry"
"/api/timesheets/[id]/reject","src/app/api/timesheets/[id]/reject/route.ts","POST","TRUE","TRUE","path id; JSON body (defaults to {})","VERIDIAN JSON passthrough","Reject a timesheet entry"
"/api/timesheets/[id]","src/app/api/timesheets/[id]/route.ts","GET, PATCH, DELETE","TRUE","TRUE","path id; PATCH JSON body (defaults to {})","VERIDIAN JSON passthrough","Read / update / delete a timesheet entry"
"/api/timesheets/[id]/submit","src/app/api/timesheets/[id]/submit/route.ts","POST","TRUE","TRUE","path id; no body","VERIDIAN JSON passthrough","Submit a timesheet entry"
"/api/timesheets/review-day","src/app/api/timesheets/review-day/route.ts","POST","TRUE","TRUE","JSON body {designerId, projectId, spentOn, decision} required","VERIDIAN JSON; 400 {error}","Approve/reject a whole timesheet day"
"/api/timesheets","src/app/api/timesheets/route.ts","GET, POST","TRUE","TRUE","GET: projectId or issueId required, mine, spentOn; POST: JSON {issueId, hours, spentOn} required","GET VERIDIAN JSON; POST 201; 400 {error}","Timesheets list / log time"
"/api/timesheets/submit-day","src/app/api/timesheets/submit-day/route.ts","POST","TRUE","TRUE","JSON body {projectId, spentOn} required","VERIDIAN JSON; 400 {error}","Submit a whole timesheet day"
"/api/todos/[id]","src/app/api/todos/[id]/route.ts","PATCH, DELETE","TRUE","FALSE","path id; PATCH JSON {done}","PATCH todo row; DELETE {ok:true}; 500 {error}","Toggle / delete a todo (Supabase query filtered by id only)"
"/api/todos","src/app/api/todos/route.ts","GET, POST","TRUE","TRUE","GET: none; POST: JSON {text} required","GET {todos:[...]}; POST 201 todo row; 400/500 {error}","Personal todo list read / create (org+user stamped on insert)"
"/api/trial-balance","src/app/api/trial-balance/route.ts","GET","TRUE","TRUE","full query string forwarded","VERIDIAN JSON passthrough","Trial balance report"
"/api/vendor-risk","src/app/api/vendor-risk/route.ts","GET, POST","TRUE","TRUE","GET: none; POST: JSON body","GET VERIDIAN JSON; POST 201","Vendor risk assessments list / create"
"/api/vendors/[id]/bank-accounts","src/app/api/vendors/[id]/bank-accounts/route.ts","GET, POST","TRUE","TRUE","path id; POST JSON body","GET VERIDIAN JSON; POST 201","Vendor bank accounts list / create"
"/api/vendors/[id]/portal-links/[linkId]","src/app/api/vendors/[id]/portal-links/[linkId]/route.ts","DELETE","TRUE","TRUE","path id, linkId","VERIDIAN JSON passthrough","Revoke a vendor portal link"
"/api/vendors/[id]/portal-links","src/app/api/vendors/[id]/portal-links/route.ts","GET, POST","TRUE","TRUE","path id; POST JSON body (defaults to {})","GET VERIDIAN JSON; POST 201","Vendor portal links list / create"
"/api/vendors/[id]/qualification","src/app/api/vendors/[id]/qualification/route.ts","GET, POST","TRUE","TRUE","path id; POST JSON body","GET VERIDIAN JSON; POST 201","Vendor qualification record read / submit"
"/api/vendors/[id]","src/app/api/vendors/[id]/route.ts","GET, PATCH, DELETE","TRUE","TRUE","path id; PATCH JSON body; DELETE no body","GET/PATCH VERIDIAN JSON; DELETE {deactivated:true,id,vendor}","Read / update / soft-deactivate a vendor"
"/api/vendors/[id]/sanction-checks","src/app/api/vendors/[id]/sanction-checks/route.ts","GET, POST","TRUE","TRUE","path id; POST JSON body","GET VERIDIAN JSON; POST 201","Vendor sanction screening list / run"
"/api/vendors","src/app/api/vendors/route.ts","GET, POST","TRUE","TRUE","GET: none; POST: JSON body","GET VERIDIAN JSON with Cache-Control private max-age=600; POST 201","Vendors list / create"
"/api/veridian-link","src/app/api/veridian-link/route.ts","GET","TRUE","FALSE","none","307 redirect to VERIDIAN_ORIGIN","Auth-gated redirect into the VERIDIAN app"
"/api/wiki/[id]","src/app/api/wiki/[id]/route.ts","GET, PATCH","TRUE","TRUE","path id; PATCH JSON body","VERIDIAN JSON passthrough","Read / update a wiki page"
"/api/wiki","src/app/api/wiki/route.ts","GET, POST","TRUE","TRUE","GET: projectId required; POST: JSON body, projectId+title required","GET VERIDIAN JSON; POST 201; 400 {error}","Project wiki list / create"
"/api/work-progress/[id]","src/app/api/work-progress/[id]/route.ts","GET, PATCH, DELETE","TRUE","TRUE","path id; PATCH JSON body required","VERIDIAN JSON; 400/error {error}","Read / update / delete a work-progress entry"
"/api/work-progress/activities","src/app/api/work-progress/activities/route.ts","GET, POST","TRUE","TRUE","GET: projectId required; POST: JSON {projectId, name} required","GET VERIDIAN JSON; POST 201; 400 {error}","Work-progress activities list / create"
"/api/work-progress/photos","src/app/api/work-progress/photos/route.ts","POST, GET","TRUE","TRUE","POST: multipart/form-data {veridianEntryId, file} required; GET: veridianEntryId required","POST 201 photo row; GET {photos:[...]}; 400/500/502 {error}","Upload / list progress photos (Supabase Storage + table)"
"/api/work-progress/report/pdf","src/app/api/work-progress/report/pdf/route.ts","GET","TRUE","TRUE","projectId, from, to required; mode=balance|total","application/pdf binary; 400 {error}","Work-progress report PDF"
"/api/work-progress/report","src/app/api/work-progress/report/route.ts","GET","TRUE","TRUE","projectId and to required; from, boqId, category[] (repeatable)","{projectId, from, to, earliestEntryDate, fromWasDefaulted, boqTitle, boqId, boqs[], rows/summary}; 400/504 {error}","Composite work-progress report (BOQ + activities + entries + roster + attendance)"
"/api/work-progress/report/share","src/app/api/work-progress/report/share/route.ts","POST","TRUE","TRUE","JSON body {projectId, from, to} required","201 {url, expiresAt}; 400 {error}","Create public share link for the work-progress report"
"/api/work-progress/report/xlsx","src/app/api/work-progress/report/xlsx/route.ts","GET","TRUE","TRUE","projectId, from, to required; mode=balance|total","xlsx binary; 400/error {error}","Work-progress report XLSX export"
"/api/work-progress","src/app/api/work-progress/route.ts","GET, POST","TRUE","TRUE","GET: projectId required; POST: JSON body (actorEmail added from session)","GET VERIDIAN JSON; POST 201; 400 {error}; rule failure {code, missing[]}","Work-progress entries list / create"
