"Route_Path","Page_File_Path","Auth_Required","Renders_Component","Module_Id_If_Catalogued","Screen_Kind","Data_Source_API","Purpose"
"/accounting/companies/new","C:\ct\projexa\src\app\(app)\accounting\companies\new\page.tsx","YES","CompanyCreateClient","accounting","CREATE","/api/companies","Create a legal company entity under the organisation for accounting/ledger scoping."
"/accounting/journal-entries/[id]","C:\ct\projexa\src\app\(app)\accounting\journal-entries\[id]\page.tsx","YES","JournalEntryObjectClient","accounting","OBJECT","/api/journal-entries/{id}, /api/journal-entries/{id}/submit, /api/accounts","View one journal entry with its lines and submit it to the ledger."
"/accounting/journal-entries/new","C:\ct\projexa\src\app\(app)\accounting\journal-entries\new\page.tsx","YES","JournalEntryCreateClient","accounting","CREATE","/api/journal-entries, /api/accounts","Post a new double-entry journal entry against the chart of accounts."
"/accounting","C:\ct\projexa\src\app\(app)\accounting\page.tsx","YES","AccountingClient, PageHeading","accounting","HUB","/api/finance-dashboard, /api/trial-balance, /api/balance-sheet, /api/profit-and-loss, /api/profit-and-loss-by-project, /api/bank-reconciliation, /api/journal-entries, /api/companies","Accounting hub: finance dashboard plus trial balance, balance sheet, P&L, P&L by project, bank reconciliation and journal entries."
"/analysis","C:\ct\projexa\src\app\(app)\analysis\page.tsx","YES","ProjexaLinkListCard, PageHeading, ProjectLoadError","analysis","HUB","NONE (static list from src/lib/analysis-screens.ts; project resolved server-side)","Directory of the four analytical screens buried as tabs in other modules, each link pre-carrying ?projectId=."
"/budgets/[id]","C:\ct\projexa\src\app\(app)\budgets\[id]\page.tsx","YES","NONE (server redirect only)","budgets","REDIRECT","NONE","Legacy budget object URL; redirects to /finance/budgets/{id}."
"/budgets/new","C:\ct\projexa\src\app\(app)\budgets\new\page.tsx","YES","NONE (server redirect only)","budgets","REDIRECT","NONE","Legacy budget create URL; redirects to /finance/budgets/new carrying the whole query string."
"/budgets","C:\ct\projexa\src\app\(app)\budgets\page.tsx","YES","NONE (server redirect only)","budgets","REDIRECT","NONE","Legacy Budgets door; redirects to /finance/budgets forwarding every query param (fixed 2026-09-08 so ?projectId= survives)."
"/change-orders/[id]","C:\ct\projexa\src\app\(app)\change-orders\[id]\page.tsx","YES","ChangeOrderObjectClient","change-orders","OBJECT","/api/change-orders/{id}, /api/change-orders/{id}/signature-status","One change order (variation) with its e-signature status."
"/change-orders/new","C:\ct\projexa\src\app\(app)\change-orders\new\page.tsx","YES","ChangeOrderCreateClient, CreateScreenUnavailable","change-orders","CREATE","/api/change-orders","Raise a new change order against the selected project."
"/change-orders","C:\ct\projexa\src\app\(app)\change-orders\page.tsx","YES","ChangeOrdersClient, PageHeading, ProjectLoadError","change-orders","LIST","/api/change-orders, /api/change-orders/{id}/signature-status; server callVeridian /screen-definitions/variations.list","Project-scoped change-order register; columns come from the VERIDIAN screen definition variations.list."
"/copilot","C:\ct\projexa\src\app\(app)\copilot\page.tsx","YES","CopilotClient, PageHeading","UNCATALOGUED","HUB","/api/assistant","AI Copilot conversation screen scoped to the selected project."
"/customers/[id]","C:\ct\projexa\src\app\(app)\customers\[id]\page.tsx","YES","CustomerOverviewClient","customers","OBJECT","/api/customers/{id}, /api/customers/{id}/overview","Customer record plus its 360 overview (orders, invoices, balances)."
"/customers/new","C:\ct\projexa\src\app\(app)\customers\new\page.tsx","YES","CustomerCreateClient","customers","CREATE","/api/customers","Create a customer master record."
"/customers","C:\ct\projexa\src\app\(app)\customers\page.tsx","YES","CustomersClient, PageHeading","customers","LIST","/api/customers","Org-wide customer master list (module is needsProject:false)."
"/dashboard/hierarchy","C:\ct\projexa\src\app\(app)\dashboard\hierarchy\page.tsx","YES","DashboardHierarchyClient, PageHeading","dashboard","HUB","/api/dashboard-hierarchy/companies, /api/dashboard-hierarchy/companies/{id}/dashboard, /.../departments, /.../projects/{id}, /api/projects/{id}","Company > department > project rollup dashboard for the whole organisation."
"/dashboard/overview","C:\ct\projexa\src\app\(app)\dashboard\overview\page.tsx","YES","NONE (server redirect only)","dashboard","REDIRECT","NONE","Former project-rows-with-bars screen; redirects to /dashboard where the rows now live."
"/dashboard","C:\ct\projexa\src\app\(app)\dashboard\page.tsx","YES","DashboardHomeView, DashboardProjectClient, ModuleDirectory","dashboard","HUB","server callVeridian /currencies and /permits?withinDays=30; client /api/dashboard/project/{id}, /api/currencies, /api/work-progress, /api/reports/category-progress","HOME_ROUTE. Org dashboard + grouped module directory (replaces the deleted left rail), or the project dashboard when a project is selected."
"/dashboard/project","C:\ct\projexa\src\app\(app)\dashboard\project\page.tsx","YES","DashboardProjectClient","dashboard","HUB","server callVeridian /screen-definitions/dashboard.dashboard; client /api/dashboard/project/{id}, /api/currencies, /api/work-progress, /api/reports/category-progress","Single-project dashboard tiles; column set resolved from the VERIDIAN dashboard.dashboard screen definition."
"/design-studio/cost-analysis","C:\ct\projexa\src\app\(app)\design-studio\cost-analysis\page.tsx","YES","DesignStudioCostAnalysisClient","design-studio","REPORT","/api/reports/designer-timesheet","Designer time-cost analysis report for the selected project."
"/design-studio","C:\ct\projexa\src\app\(app)\design-studio\page.tsx","YES","DesignStudioTimesheetClient, ProjectLoadError","design-studio","LIST","/api/timesheets, /api/timesheets/{id}/submit, /api/timesheets/submit-day, /api/schedule/tasks, /api/reports/designer-approval-status","Designer's own day timesheet: log/edit entries and submit the day."
"/design-studio/review","C:\ct\projexa\src\app\(app)\design-studio\review\page.tsx","YES","DesignStudioReviewClient","design-studio","LIST","/api/timesheets, /api/timesheets/review-day","Approver view of submitted timesheet days for approve/reject."
"/design-studio/timesheets/[id]","C:\ct\projexa\src\app\(app)\design-studio\timesheets\[id]\page.tsx","YES","DesignStudioTimesheetObjectClient","design-studio","OBJECT","/api/timesheets/{id}, /api/timesheets/{id}/submit","One timesheet entry, editable and submittable."
"/design-studio/timesheets/new","C:\ct\projexa\src\app\(app)\design-studio\timesheets\new\page.tsx","YES","DesignStudioTimesheetCreateClient, CreateProjectMissing","design-studio","CREATE","/api/timesheets, /api/schedule/tasks","The single log-time form (also the target of the /schedule/log-time alias); accepts ?taskId= preselection."
"/documents/[id]","C:\ct\projexa\src\app\(app)\documents\[id]\page.tsx","YES","DocumentObjectClient","documents","OBJECT","/api/documents/{id}, /api/documents/{id}/versions, /api/documents/{id}/dispose","One document with its version history and disposal action."
"/documents","C:\ct\projexa\src\app\(app)\documents\page.tsx","YES","DocumentsClient, ModuleListSkeletonBody, ProjectRequiredCard","documents","LIST","/api/documents (server via fetchDocumentsList in module-list-source), /api/moms, /api/permits, /api/rfis","Project document register; columns from getScreenColumns, requires a selected project."
"/documents/upload","C:\ct\projexa\src\app\(app)\documents\upload\page.tsx","YES","DocumentUploadClient, CreateFormSkeleton","documents","CREATE","/api/documents (+ link targets /api/moms, /api/permits, /api/rfis)","Upload a document; gated on getStorageStatus so a broken bucket is shown rather than a failing form."
"/drawings/[id]","C:\ct\projexa\src\app\(app)\drawings\[id]\page.tsx","YES","DrawingObjectClient","drawings","OBJECT","/api/drawings/{id}, /api/documents/{id}/dispose","One drawing/revision record."
"/drawings/new","C:\ct\projexa\src\app\(app)\drawings\new\page.tsx","YES","DrawingCreateClient, CreateFormSkeleton","drawings","CREATE","/api/drawings, /api/projects","Upload a new drawing revision; storage status checked server-side."
"/drawings","C:\ct\projexa\src\app\(app)\drawings\page.tsx","YES","DrawingsClient, ModuleListSkeletonBody","drawings","LIST","/api/drawings, /api/drawings/export (server fetchDrawingsList)","Project drawing register with export."
"/employees/[id]","C:\ct\projexa\src\app\(app)\employees\[id]\page.tsx","YES","EmployeeObjectClient","employees","OBJECT","/api/employees/{id}, /api/employees, /api/companies, /api/hr/departments","One employee master record with company/department lookups."
"/employees/departments/new","C:\ct\projexa\src\app\(app)\employees\departments\new\page.tsx","YES","DepartmentCreateClient","employees","CREATE","/api/hr/departments","Create an HR department."
"/employees/leave/balance/new","C:\ct\projexa\src\app\(app)\employees\leave\balance\new\page.tsx","YES","LeaveBalanceCreateClient","employees","CREATE","/api/leave/balances, /api/employees","Grant/open a leave balance for an employee."
"/employees/leave/new","C:\ct\projexa\src\app\(app)\employees\leave\new\page.tsx","YES","LeaveRequestCreateClient","employees","CREATE","/api/leave/requests","Raise a leave request."
"/employees/new","C:\ct\projexa\src\app\(app)\employees\new\page.tsx","YES","EmployeeCreateClient","employees","CREATE","/api/employees, /api/companies","Create an employee master record."
"/employees","C:\ct\projexa\src\app\(app)\employees\page.tsx","YES","EmployeesClient, PageHeading","employees","LIST","/api/employees, /api/companies, /api/hr/departments, /api/hr/org-chart, /api/leave/balances, /api/leave/requests, /api/leave/requests/{id}/decision","Employee register with departments, org chart and inline leave-request decisions."
"/expenses/new","C:\ct\projexa\src\app\(app)\expenses\new\page.tsx","YES","ExpenseCreateClient, CreateScreenUnavailable","expenses","CREATE","/api/expenses","Record a project expense."
"/expenses","C:\ct\projexa\src\app\(app)\expenses\page.tsx","YES","ExpensesClient, PageHeading","expenses","LIST","/api/expenses","Project-scoped expense list."
"/ffe/[id]","C:\ct\projexa\src\app\(app)\ffe\[id]\page.tsx","YES","FfeObjectClient","ffe","OBJECT","/api/ffe/{id}","One FF&E specification item."
"/ffe/new","C:\ct\projexa\src\app\(app)\ffe\new\page.tsx","YES","FfeCreateClient, CreateScreenUnavailable","ffe","CREATE","/api/ffe","Add an FF&E specification item."
"/ffe","C:\ct\projexa\src\app\(app)\ffe\page.tsx","YES","FfeClient, PageHeading, ProjectLoadError","ffe","LIST","/api/ffe, /api/ffe/{id}, /api/ffe/margin-summary","FF&E specification list with margin summary."
"/finance/budgets/[id]","C:\ct\projexa\src\app\(app)\finance\budgets\[id]\page.tsx","YES","BudgetObjectClient","budgets","OBJECT","/api/project-budgets/{id}, /api/project-budgets/{id}/variance, /api/project-budgets/{id}/{action}, /api/accounts","One ERP fiscal-year project budget with variance and workflow actions."
"/finance/budgets/new","C:\ct\projexa\src\app\(app)\finance\budgets\new\page.tsx","YES","BudgetCreateClient","budgets","CREATE","/api/project-budgets, /api/accounts, /api/companies, /api/cost-centers, /api/fiscal-years, /api/organization, /api/tasks","Create an ERP budget; lookups pre-resolved server-side by resolveBudgetLookups."
"/finance/budgets","C:\ct\projexa\src\app\(app)\finance\budgets\page.tsx","YES","BudgetsClient, TableLoadingRows","budgets","LIST","/api/project-budgets{qs}, /api/companies, /api/fiscal-years, /api/organization, /api/projects","The real ERP budget register (moved here by R67 D-62); columns via resolveRegistryColumns."
"/floor-plans/[id]","C:\ct\projexa\src\app\(app)\floor-plans\[id]\page.tsx","YES","FloorPlanEditorClient, PageHeading","drawings","OBJECT","/api/floor-plans/{id}, /.../rooms, /.../rooms/{roomId}, /.../placements, /.../placements/{id}, /api/design-materials, /api/ffe","2D floor-plan editor: rooms and FF&E placements on one plan."
"/floor-plans/[id]/walkthrough","C:\ct\projexa\src\app\(app)\floor-plans\[id]\walkthrough\page.tsx","YES","FloorPlanWalkthroughClient, PageHeading","drawings","OBJECT","/api/floor-plans/{id}/scene","3D walkthrough of one floor plan's scene."
"/floor-plans","C:\ct\projexa\src\app\(app)\floor-plans\page.tsx","YES","FloorPlansClient, PageHeading, ProjectLoadError","drawings","LIST","/api/floor-plans","Floor-plan list for the selected project."
"/grc/access-review/[id]","C:\ct\projexa\src\app\(app)\grc\access-review\[id]\page.tsx","YES","AccessReviewCycleObjectClient","grc","OBJECT","/api/access-review, /api/access-review/certifications/{id}","One access-review cycle and its certifications."
"/grc/access-review/new","C:\ct\projexa\src\app\(app)\grc\access-review\new\page.tsx","YES","AccessReviewCreateClient","grc","CREATE","/api/access-review","Open a new access-review cycle."
"/grc/audits/new","C:\ct\projexa\src\app\(app)\grc\audits\new\page.tsx","YES","AuditEngagementCreateClient","grc","CREATE","/api/audit-engagements","Create an audit engagement."
"/grc/cases/[id]","C:\ct\projexa\src\app\(app)\grc\cases\[id]\page.tsx","YES","FraudCaseObjectClient","grc","OBJECT","/api/fraud-cases/{id}","One fraud/investigation case."
"/grc/cases/new","C:\ct\projexa\src\app\(app)\grc\cases\new\page.tsx","YES","FraudCaseCreateClient","grc","CREATE","/api/fraud-cases","Open a fraud case."
"/grc/findings/new","C:\ct\projexa\src\app\(app)\grc\findings\new\page.tsx","YES","AuditFindingCreateClient","grc","CREATE","/api/audit-findings, /api/audit-engagements","Record an audit finding against an engagement."
"/grc","C:\ct\projexa\src\app\(app)\grc\page.tsx","YES","GrcClient, PageHeading","grc","HUB","/api/grc-dashboard, /api/risks, /api/policies, /api/compliance-register, /api/audit-engagements, /api/audit-findings/{id}, /api/fraud-cases, /api/access-review, /api/vendor-risk","Risk & Compliance hub across risks, policies, compliance register, audits, findings, fraud cases, access review and vendor risk."
"/grc/policies/[id]","C:\ct\projexa\src\app\(app)\grc\policies\[id]\page.tsx","YES","PolicyObjectClient","grc","OBJECT","/api/policies/{id}","One policy document record."
"/grc/policies/new","C:\ct\projexa\src\app\(app)\grc\policies\new\page.tsx","YES","PolicyCreateClient","grc","CREATE","/api/policies","Create a policy."
"/grc/risks/[id]","C:\ct\projexa\src\app\(app)\grc\risks\[id]\page.tsx","YES","RiskObjectClient","grc","OBJECT","/api/risks/{id}","One risk-register entry."
"/grc/risks/new","C:\ct\projexa\src\app\(app)\grc\risks\new\page.tsx","YES","RiskCreateClient","grc","CREATE","/api/risks","Register a new risk."
"/grc/vendors/new","C:\ct\projexa\src\app\(app)\grc\vendors\new\page.tsx","YES","VendorRiskCreateClient","grc","CREATE","/api/vendor-risk","Create a vendor-risk assessment."
"/hr","C:\ct\projexa\src\app\(app)\hr\page.tsx","YES","HrDashboardClient, PageHeading","employees","HUB","/api/employees, /api/hr/departments, /api/leave/requests, /api/payroll/runs, /api/recruitment/job-openings","HR dashboard pulling headcount, departments, leave, payroll runs and open roles."
"/inventory/items/[id]","C:\ct\projexa\src\app\(app)\inventory\items\[id]\page.tsx","YES","ItemObjectClient","inventory","OBJECT","/api/inventory/items/{id}","One inventory item master."
"/inventory/items/new","C:\ct\projexa\src\app\(app)\inventory\items\new\page.tsx","YES","ItemCreateClient","inventory","CREATE","/api/inventory/items","Create an inventory item master."
"/inventory","C:\ct\projexa\src\app\(app)\inventory\page.tsx","YES","InventoryClient, PageHeading","inventory","HUB","/api/inventory/items, /api/inventory/stock-balance, /api/inventory/warehouses","Inventory hub: item masters, stock balances and warehouses."
"/inventory/stock-entries/new","C:\ct\projexa\src\app\(app)\inventory\stock-entries\new\page.tsx","YES","StockEntryCreateClient","inventory","CREATE","/api/inventory/stock-entries, /api/inventory/items, /api/inventory/warehouses","Post a stock entry (receipt/issue/transfer)."
"/inventory/warehouses/new","C:\ct\projexa\src\app\(app)\inventory\warehouses\new\page.tsx","YES","WarehouseCreateClient","inventory","CREATE","/api/inventory/warehouses","Create a warehouse/store location."
"/invoices/[id]","C:\ct\projexa\src\app\(app)\invoices\[id]\page.tsx","YES","InvoiceObjectClient","invoices","OBJECT","/api/sales-invoices/{id}, /.../submit, /.../cancel, /.../payments, /api/accounts","One sales invoice with submit, cancel and payment recording."
"/invoices/credit-notes/[id]","C:\ct\projexa\src\app\(app)\invoices\credit-notes\[id]\page.tsx","YES","CreditNoteObjectClient","invoices","OBJECT","/api/credit-notes/{id}, /api/credit-notes/{id}/submit","One credit note."
"/invoices/credit-notes/new","C:\ct\projexa\src\app\(app)\invoices\credit-notes\new\page.tsx","YES","CreditNoteCreateClient","invoices","CREATE","/api/credit-notes, /api/sales-invoices","Issue a credit note against an invoice."
"/invoices/new","C:\ct\projexa\src\app\(app)\invoices\new\page.tsx","YES","InvoiceCreateClient","invoices","CREATE","/api/sales-invoices, /api/customers","Raise a sales invoice."
"/invoices","C:\ct\projexa\src\app\(app)\invoices\page.tsx","YES","InvoicesClient, PageHeading","invoices","LIST","/api/sales-invoices, /api/credit-notes, /api/ar-aging","Sales invoice register with credit notes and AR ageing."
"/knowledge-base/[id]","C:\ct\projexa\src\app\(app)\knowledge-base\[id]\page.tsx","YES","KnowledgeBaseObjectClient","knowledge-base","OBJECT","/api/knowledge-base/{id}","One knowledge-base article."
"/knowledge-base/new","C:\ct\projexa\src\app\(app)\knowledge-base\new\page.tsx","YES","KnowledgeBaseCreateClient","knowledge-base","CREATE","/api/knowledge-base","Write a new knowledge-base article."
"/knowledge-base","C:\ct\projexa\src\app\(app)\knowledge-base\page.tsx","YES","KnowledgeBaseClient, PageHeading","knowledge-base","LIST","/api/knowledge-base, /api/knowledge-base/search","Knowledge-base article list with search."
"/kpis/[id]","C:\ct\projexa\src\app\(app)\kpis\[id]\page.tsx","YES","KpiObjectClient","kpis","OBJECT","/api/kpis/{id}, /api/kpi-entries, /api/kpi-entries/{id}/approve","One KPI definition with its entries and approvals."
"/kpis/new","C:\ct\projexa\src\app\(app)\kpis\new\page.tsx","YES","KpiCreateClient, CreateScreenUnavailable","kpis","CREATE","/api/kpis","Define a new KPI."
"/kpis","C:\ct\projexa\src\app\(app)\kpis\page.tsx","YES","KpisClient, PageHeading","kpis","LIST","/api/kpis","KPI definition list for the selected project."
"/labour/[id]","C:\ct\projexa\src\app\(app)\labour\[id]\page.tsx","YES","RosterObjectClient","labour","OBJECT","/api/labour-roster/{id}, /api/attendance, /api/vendors","One labour-roster worker with attendance history and contractor."
"/labour/attendance/[date]","C:\ct\projexa\src\app\(app)\labour\attendance\[date]\page.tsx","YES","AttendanceSheetClient, PageHeading","labour","OBJECT","/api/attendance, /api/attendance/bulk, /api/labour-roster, /api/vendors","Daily attendance sheet for one date with bulk marking."
"/labour/attendance/new","C:\ct\projexa\src\app\(app)\labour\attendance\new\page.tsx","YES","AttendanceCreateClient, CreateFormSkeleton","labour","CREATE","/api/attendance, /api/labour-roster","Record an attendance entry; project resolved without a network hop (resolveProjectIdFast)."
"/labour/import","C:\ct\projexa\src\app\(app)\labour\import\page.tsx","YES","RosterImportClient, PickProjectPrompt","labour","CREATE","/api/labour-roster/import","Bulk-import a labour roster from a file."
"/labour/new","C:\ct\projexa\src\app\(app)\labour\new\page.tsx","YES","RosterCreateClient, CreateFormSkeleton","labour","CREATE","/api/labour-roster, /api/vendors","Add a worker to the project labour roster."
"/labour","C:\ct\projexa\src\app\(app)\labour\page.tsx","YES","LabourClient, AttendanceSummaryStrip, ModuleListSkeletonBody","labour","LIST","/api/labour-roster (server via module-list-source; upstream timed by timeUpstream)","Manpower & Attendance register with an attendance summary strip and filters."
"/materials/[id]","C:\ct\projexa\src\app\(app)\materials\[id]\page.tsx","YES","MaterialObjectClient","materials","OBJECT","/api/materials/master/{id}","One material master record."
"/materials/issues/new","C:\ct\projexa\src\app\(app)\materials\issues\new\page.tsx","YES","MaterialIssueCreateClient, CreateProjectMissing","materials","CREATE","/api/materials/issues, /api/materials/master, /api/scope","Issue material to a BOQ line / activity."
"/materials/new","C:\ct\projexa\src\app\(app)\materials\new\page.tsx","YES","MaterialCreateClient, CreateFormSkeleton","materials","CREATE","/api/materials/master","Create a material master record."
"/materials","C:\ct\projexa\src\app\(app)\materials\page.tsx","YES","MaterialsClient, ModuleListSkeletonBody, ProjectRequiredCard","materials","LIST","server fetchMaterialMasterList + callVeridian /dashboard/{projectId}; client /api/materials, /api/materials/master, /api/materials/issues, /api/construction-materials/cost-report(/export), /api/vendors","Material register with a backend-verified Cost Report tab; the one real Materials screen (/site-materials redirects here)."
"/materials/receipts/[id]","C:\ct\projexa\src\app\(app)\materials\receipts\[id]\page.tsx","YES","MaterialReceiptObjectClient","materials","OBJECT","/api/materials/{id}, /api/vendors","One material receipt (GRN) record."
"/materials/receipts/new","C:\ct\projexa\src\app\(app)\materials\receipts\new\page.tsx","YES","MaterialReceiptCreateClient, CreateFormSkeleton","materials","CREATE","/api/materials, /api/materials/master, /api/vendors","Record a material receipt against the project."
"/meetings/[id]","C:\ct\projexa\src\app\(app)\meetings\[id]\page.tsx","YES","MeetingObjectClient","moms","OBJECT","/api/meetings/{id}, /api/meetings/{id}/outcomes","One meeting with its outcomes."
"/meetings/new","C:\ct\projexa\src\app\(app)\meetings\new\page.tsx","YES","MeetingCreateClient, CreateScreenUnavailable","moms","CREATE","/api/meetings","Schedule a meeting."
"/meetings","C:\ct\projexa\src\app\(app)\meetings\page.tsx","YES","MeetingsClient, PageHeading, ProjectLoadError","moms","LIST","/api/meetings","Meeting list for the selected project."
"/moms/[id]","C:\ct\projexa\src\app\(app)\moms\[id]\page.tsx","YES","MoMObjectClient","moms","OBJECT","/api/moms/{id}, /.../action-items, /.../generate-intelligence, /.../share-links, /api/moms/share-links/{id}, /api/moms/{id}/pdf, /api/org-users","One minutes-of-meeting record: action items, AI intelligence, PDF and public share links."
"/moms/new","C:\ct\projexa\src\app\(app)\moms\new\page.tsx","YES","MoMCreateClient, CreateFormSkeleton, ScreenContext","moms","CREATE","/api/moms","File new minutes of meeting; publishes its resolved project into ScreenContext for the shell strip."
"/moms","C:\ct\projexa\src\app\(app)\moms\page.tsx","YES","MoMsClient, ModuleListSkeletonBody, ScreenContext","moms","LIST","/api/moms?projectId=, /api/moms{query}, /api/moms/{id}/pdf (server fetchMomsList)","Minutes-of-Meeting register with date-range filter and per-row PDF."
"/mood-boards/[id]","C:\ct\projexa\src\app\(app)\mood-boards\[id]\page.tsx","YES","MoodBoardObjectClient","mood-boards","OBJECT","/api/mood-boards/{id}, /api/mood-boards/{id}/items/{itemId}","One mood board and its items."
"/mood-boards/new","C:\ct\projexa\src\app\(app)\mood-boards\new\page.tsx","YES","MoodBoardCreateClient, CreateScreenUnavailable","mood-boards","CREATE","/api/mood-boards","Create a mood board."
"/mood-boards","C:\ct\projexa\src\app\(app)\mood-boards\page.tsx","YES","MoodBoardsClient, PageHeading, ProjectLoadError","mood-boards","LIST","/api/mood-boards","Mood-board list for the selected project."
"/payroll/components/new","C:\ct\projexa\src\app\(app)\payroll\components\new\page.tsx","YES","SalaryComponentCreateClient","payroll","CREATE","/api/payroll/salary-components","Define a salary component (earning/deduction)."
"/payroll","C:\ct\projexa\src\app\(app)\payroll\page.tsx","YES","PayrollClient, PageHeading","payroll","HUB","/api/payroll/runs, /.../runs/{id}/process, /api/payroll/salary-components, /api/payroll/salary-structures, /api/payroll/statutory-rules, /api/payroll/income-tax-slabs, /api/payroll/employees/{id}/income-tax-slab, /api/employees","Payroll hub: runs, components, structures, statutory rules and tax slabs."
"/payroll/runs/[id]","C:\ct\projexa\src\app\(app)\payroll\runs\[id]\page.tsx","YES","PayrollRunObjectClient","payroll","OBJECT","/api/payroll/runs/{id}, /api/payroll/runs/{id}/payslips, /api/payroll/runs/{id}/process","One payroll run with its payslips and the process action."
"/payroll/runs/[id]/payslips/[payslipId]","C:\ct\projexa\src\app\(app)\payroll\runs\[id]\payslips\[payslipId]\page.tsx","YES","PayslipObjectClient","payroll","OBJECT","/api/payroll/payslips/{id}, /.../finalize, /.../tds, /.../pdf","One payslip: finalise, TDS detail and PDF."
"/payroll/runs/new","C:\ct\projexa\src\app\(app)\payroll\runs\new\page.tsx","YES","PayrollRunCreateClient","payroll","CREATE","/api/payroll/runs","Start a payroll run for a period."
"/payroll/statutory-rules/new","C:\ct\projexa\src\app\(app)\payroll\statutory-rules\new\page.tsx","YES","StatutoryRuleCreateClient","payroll","CREATE","/api/payroll/statutory-rules","Define a statutory rule (PF/ESI etc.)."
"/payroll/structures/new","C:\ct\projexa\src\app\(app)\payroll\structures\new\page.tsx","YES","SalaryStructureCreateClient","payroll","CREATE","/api/payroll/salary-structures, /api/payroll/salary-components, /api/employees","Build a salary structure from components and assign it."
"/payroll/tax-slabs/new","C:\ct\projexa\src\app\(app)\payroll\tax-slabs\new\page.tsx","YES","IncomeTaxSlabCreateClient","payroll","CREATE","/api/payroll/income-tax-slabs","Define an income-tax slab set."
"/permits/[id]","C:\ct\projexa\src\app\(app)\permits\[id]\page.tsx","YES","PermitObjectClient","permits","OBJECT","/api/permits/{id}, /api/screen-drafts, /api/screen-drafts/{id}","One permit record with draft-autosave support."
"/permits/new","C:\ct\projexa\src\app\(app)\permits\new\page.tsx","YES","PermitCreateClient, CreateFormSkeleton","permits","CREATE","/api/permits (multipart PDF upload relayed via callVeridianUpload)","Add a permit with its PDF, issue and expiry dates; storage status checked server-side."
"/permits","C:\ct\projexa\src\app\(app)\permits\page.tsx","YES","PermitsListClient, ModuleListSkeletonBody","permits","LIST","/api/permits, /api/permits/{id} (server fetchPermitsList; upstream VERIDIAN /permits?withinDays=)","Permit register with the expiring-soon filter the catalogue's permits.expiring leaf targets."
"/procurement/goods-receipts/[id]","C:\ct\projexa\src\app\(app)\procurement\goods-receipts\[id]\page.tsx","YES","GoodsReceiptObjectClient","procurement","OBJECT","/api/procurement/goods-receipts/{id}, /.../submit, /api/inventory/items, /api/inventory/warehouses, /api/vendors","One goods receipt note with submit."
"/procurement/goods-receipts/new","C:\ct\projexa\src\app\(app)\procurement\goods-receipts\new\page.tsx","YES","GoodsReceiptCreateClient","procurement","CREATE","/api/procurement/goods-receipts, /api/procurement/purchase-orders, /api/inventory/items, /api/inventory/warehouses, /api/vendors","Receive goods against a purchase order."
"/procurement","C:\ct\projexa\src\app\(app)\procurement\page.tsx","YES","ProcurementClient, PageHeading","procurement","HUB","/api/procurement/requisitions, /api/procurement/rfqs, /api/procurement/quotations, /api/procurement/purchase-orders, /api/procurement/goods-receipts, /api/vendors","Procure-to-pay hub across requisitions, RFQs, quotations, POs and goods receipts."
"/procurement/purchase-orders/[id]","C:\ct\projexa\src\app\(app)\procurement\purchase-orders\[id]\page.tsx","YES","PurchaseOrderObjectClient","procurement","OBJECT","/api/procurement/purchase-orders/{id}, /.../submit, /api/vendors","One purchase order (also the object page reused by the /purchase-orders module)."
"/procurement/quotations/new","C:\ct\projexa\src\app\(app)\procurement\quotations\new\page.tsx","YES","QuotationCreateClient","procurement","CREATE","/api/procurement/quotations, /api/procurement/rfqs, /api/vendors","Enter a supplier quotation against an RFQ."
"/procurement/requisitions/[id]","C:\ct\projexa\src\app\(app)\procurement\requisitions\[id]\page.tsx","YES","RequisitionObjectClient","procurement","OBJECT","/api/procurement/requisitions/{id}, /.../submit","One purchase requisition."
"/procurement/requisitions/new","C:\ct\projexa\src\app\(app)\procurement\requisitions\new\page.tsx","YES","RequisitionCreateClient","procurement","CREATE","/api/procurement/requisitions","Raise a purchase requisition."
"/procurement/rfqs/[id]","C:\ct\projexa\src\app\(app)\procurement\rfqs\[id]\page.tsx","YES","RfqObjectClient","procurement","OBJECT","/api/procurement/rfqs/{id}, /.../comparison, /.../send, /api/vendors","One RFQ with supplier comparison and send-to-vendors."
"/procurement/rfqs/new","C:\ct\projexa\src\app\(app)\procurement\rfqs\new\page.tsx","YES","RfqCreateClient","procurement","CREATE","/api/procurement/rfqs, /api/procurement/requisitions, /api/vendors","Raise an RFQ from a requisition."
"/projects/new","C:\ct\projexa\src\app\(app)\projects\new\page.tsx","YES","ProjectCreateClient","project-directory","CREATE","server callVeridian /products (product options); client /api/projects","Create a project; product options fetched server-side within VERIDIAN_SCREEN_BUDGET_MS."
"/projects","C:\ct\projexa\src\app\(app)\projects\page.tsx","YES","ProjectsListClient","project-directory","LIST","/api/projects/overview","Project directory list."
"/punch-list/[id]","C:\ct\projexa\src\app\(app)\punch-list\[id]\page.tsx","YES","PunchListObjectClient","punch-list","OBJECT","/api/punch-list/{id}","One punch-list (snag) item."
"/punch-list/new","C:\ct\projexa\src\app\(app)\punch-list\new\page.tsx","YES","PunchListCreateClient, CreateScreenUnavailable","punch-list","CREATE","/api/punch-list","Raise a punch-list item."
"/punch-list","C:\ct\projexa\src\app\(app)\punch-list\page.tsx","YES","PunchListClient, PageHeading, ProjectLoadError","punch-list","LIST","/api/punch-list","Punch list for the selected project."
"/purchase-orders/new","C:\ct\projexa\src\app\(app)\purchase-orders\new\page.tsx","YES","PurchaseOrderCreateClient","procurement","CREATE","/api/purchase-orders, /api/companies, /api/vendors","Create a purchase order from the standalone PO module."
"/purchase-orders","C:\ct\projexa\src\app\(app)\purchase-orders\page.tsx","YES","PurchaseOrdersClient, PageHeading","procurement","LIST","/api/purchase-orders{qs}, /api/companies, /api/vendors","Purchase-order register; its object page is reused from /procurement/purchase-orders/[id]."
"/quotations/[id]","C:\ct\projexa\src\app\(app)\quotations\[id]\page.tsx","YES","SalesQuotationObjectClient","quotations","OBJECT","/api/quotations/{id}, /.../revisions, /.../convert, /.../pdf","One sales quotation: revisions, convert-to-order and PDF."
"/quotations/new","C:\ct\projexa\src\app\(app)\quotations\new\page.tsx","YES","SalesQuotationCreateClient","quotations","CREATE","/api/quotations, /api/customers, /api/companies, /api/projects","Create a sales quotation."
"/quotations","C:\ct\projexa\src\app\(app)\quotations\page.tsx","YES","QuotationsClient, PageHeading","quotations","LIST","/api/quotations, /api/companies","Sales quotation register."
"/recruitment/applications/[id]","C:\ct\projexa\src\app\(app)\recruitment\applications\[id]\page.tsx","YES","ApplicationObjectClient","recruitment","OBJECT","/api/recruitment/applications/{id}, /.../stage, /.../interviews, /.../hire, /api/recruitment/interviews/{id}/feedback, /api/recruitment/candidates, /api/recruitment/job-openings/{id}, /api/employees","One job application through stages, interviews, feedback and hire."
"/recruitment/applications/new","C:\ct\projexa\src\app\(app)\recruitment\applications\new\page.tsx","YES","ApplicationCreateClient","recruitment","CREATE","/api/recruitment/applications, /api/recruitment/candidates, /api/recruitment/job-openings","Log an application of a candidate to an opening."
"/recruitment/candidates/new","C:\ct\projexa\src\app\(app)\recruitment\candidates\new\page.tsx","YES","CandidateCreateClient","recruitment","CREATE","/api/recruitment/candidates","Add a candidate."
"/recruitment/openings/[id]","C:\ct\projexa\src\app\(app)\recruitment\openings\[id]\page.tsx","YES","JobOpeningObjectClient","recruitment","OBJECT","/api/recruitment/job-openings/{id}, /.../status, /api/hr/departments","One job opening with status transitions."
"/recruitment/openings/new","C:\ct\projexa\src\app\(app)\recruitment\openings\new\page.tsx","YES","JobOpeningCreateClient","recruitment","CREATE","/api/recruitment/job-openings, /api/hr/departments","Open a new job requisition."
"/recruitment","C:\ct\projexa\src\app\(app)\recruitment\page.tsx","YES","RecruitmentClient, PageHeading","recruitment","HUB","/api/recruitment/job-openings, /.../{id}/status, /api/recruitment/candidates, /api/recruitment/applications, /api/hr/departments","Recruitment hub: openings, candidates and applications."
"/reports","C:\ct\projexa\src\app\(app)\reports\page.tsx","YES","ReportsClient, ModuleListSkeletonBody, ProjectLoadError","reports","REPORT","/api/reports/{report}, /api/reports/{report}/share, /api/scope/categories, /api/vendors","Reports catalogue: run any report, drill into breakups and create share links."
"/rfis/[id]","C:\ct\projexa\src\app\(app)\rfis\[id]\page.tsx","YES","RfiObjectClient","rfis","OBJECT","/api/rfis/{id}","One RFI with its response thread."
"/rfis/new","C:\ct\projexa\src\app\(app)\rfis\new\page.tsx","YES","RfiCreateClient, CreateScreenUnavailable","rfis","CREATE","/api/rfis","Raise an RFI."
"/rfis","C:\ct\projexa\src\app\(app)\rfis\page.tsx","YES","RfisClient, PageHeading, ProjectLoadError","rfis","LIST","/api/rfis","RFI register for the selected project."
"/sales/leads/[id]","C:\ct\projexa\src\app\(app)\sales\leads\[id]\page.tsx","YES","LeadObjectClient","sales","OBJECT","/api/leads/{id}, /api/leads/{id}/history","One lead with its activity history."
"/sales/leads/new","C:\ct\projexa\src\app\(app)\sales\leads\new\page.tsx","YES","LeadCreateClient","sales","CREATE","/api/leads, /api/companies","Capture a new lead."
"/sales/leads","C:\ct\projexa\src\app\(app)\sales\leads\page.tsx","YES","LeadsClient, PageHeading","sales","LIST","/api/leads, /api/leads/{id}, /api/leads/bulk-reassign, /api/companies","Lead list with bulk reassignment."
"/sales/opportunities/[id]","C:\ct\projexa\src\app\(app)\sales\opportunities\[id]\page.tsx","YES","OpportunityObjectClient","sales","OBJECT","/api/opportunities/{id}, /api/opportunities/{id}/history, /api/customers","One opportunity with stage history."
"/sales/opportunities/new","C:\ct\projexa\src\app\(app)\sales\opportunities\new\page.tsx","YES","OpportunityCreateClient","sales","CREATE","/api/opportunities, /api/customers","Create an opportunity."
"/sales/opportunities","C:\ct\projexa\src\app\(app)\sales\opportunities\page.tsx","YES","OpportunitiesClient, PageHeading","sales","LIST","/api/opportunities, /api/opportunities/{id}, /api/opportunities/bulk-reassign, /api/customers","Opportunity pipeline list with bulk reassignment."
"/sales","C:\ct\projexa\src\app\(app)\sales\page.tsx","YES","SalesDashboardClient, PageHeading","sales","HUB","/api/sales-pipeline","Sales dashboard over the lead/opportunity pipeline."
"/sales-orders/[id]","C:\ct\projexa\src\app\(app)\sales-orders\[id]\page.tsx","YES","SalesOrderObjectClient","sales-orders","OBJECT","/api/sales-orders/{id}, /api/sales-order-document-flow/{id}","One sales order with its downstream document flow."
"/sales-orders/new","C:\ct\projexa\src\app\(app)\sales-orders\new\page.tsx","YES","SalesOrderCreateClient","sales-orders","CREATE","/api/sales-orders, /api/customers, /api/companies, /api/projects","Create a sales order."
"/sales-orders","C:\ct\projexa\src\app\(app)\sales-orders\page.tsx","YES","SalesOrdersClient, PageHeading","sales-orders","LIST","/api/sales-orders, /api/sales-orders/{id}, /api/sales-orders/bulk-status, /api/companies","Sales-order register with bulk status change."
"/schedule/import","C:\ct\projexa\src\app\(app)\schedule\import\page.tsx","YES","ScheduleImportClient, PickProjectPrompt","schedule","CREATE","/api/schedule/import","Import a programme/schedule file into the project."
"/schedule/log-time","C:\ct\projexa\src\app\(app)\schedule\log-time\page.tsx","YES","NONE (server redirect only)","schedule","REDIRECT","NONE (resolveProjectIdFast reads query/cookie, no network)","Alias kept for old links; redirects to /design-studio/timesheets/new carrying projectId and taskId/issueId."
"/schedule","C:\ct\projexa\src\app\(app)\schedule\page.tsx","YES","ScheduleTabsClient, ScheduleGanttClient, FooterMessageBanner","schedule","LIST","server callVeridian /schedule/gantt?projectId=; client /api/schedule/tasks, /api/schedule/gantt, /api/schedule/baselines, /.../{id}, /api/organization","Tabbed schedule screen (timeline / Gantt / baselines / timesheet) with server-prefetched Gantt payload."
"/schedule/sprints/new","C:\ct\projexa\src\app\(app)\schedule\sprints\new\page.tsx","YES","ScheduleSprintCreateClient, CreateScreenUnavailable","schedule","CREATE","/api/schedule/sprints","Create a sprint."
"/schedule/tasks/[id]","C:\ct\projexa\src\app\(app)\schedule\tasks\[id]\page.tsx","YES","ScheduleTaskObjectClient","schedule","OBJECT","/api/schedule/tasks/{id}, /api/board, /api/timesheets","One schedule task with board position and logged time."
"/schedule/tasks/new","C:\ct\projexa\src\app\(app)\schedule\tasks\new\page.tsx","YES","ScheduleTaskCreateClient, CreateFormSkeleton","schedule","CREATE","/api/schedule/tasks, /api/schedule/types, /api/scope","Create a schedule task, optionally linked to a BOQ line."
"/scope/[id]/compare","C:\ct\projexa\src\app\(app)\scope\[id]\compare\page.tsx","YES","ScopeCompareClient","scope","REPORT","/api/scope/{id}/compare, /api/scope/{id}, /api/scope, /api/site-instructions","Compare two BOQ revisions line by line."
"/scope/[id]","C:\ct\projexa\src\app\(app)\scope\[id]\page.tsx","YES","ScopeObjectClient","scope","OBJECT","/api/scope/{id}, /api/scope/{id}/{action}, /api/scope/line-items/{id}, /api/scope/categories, /api/site-instructions, /api/documents, /api/vendors","One BOQ with its line items, categories, budget % and workflow actions."
"/scope/[id]/revise","C:\ct\projexa\src\app\(app)\scope\[id]\revise\page.tsx","YES","ScopeReviseClient","scope","CREATE","/api/scope/{id}/revisions, /api/scope/{id}, /api/scope/categories, /api/site-instructions","Create a new revision of an existing BOQ."
"/scope/import","C:\ct\projexa\src\app\(app)\scope\import\page.tsx","YES","ScopeImportClient, PickProjectPrompt","scope","CREATE","/api/scope/import, /api/scope/import/template, /api/scope","Import a BOQ from Excel, with a downloadable template."
"/scope/new","C:\ct\projexa\src\app\(app)\scope\new\page.tsx","YES","ScopeCreateClient, CreateFormSkeleton","scope","CREATE","/api/scope, /api/scope/categories","Create a new BOQ / scope of work."
"/scope","C:\ct\projexa\src\app\(app)\scope\page.tsx","YES","ScopeClient, BudgetActualClient, BudgetAnalyticalClient","scope","LIST","/api/scope, /api/scope/line-items/{id}, /api/scope/{id}/compare, /api/reports/budget-variance(/export), /api/vendors","Scope of Work (BOQ) list plus the project-budget tabs (?tab=budget) that /budgets used to hide."
"/settings","C:\ct\projexa\src\app\(app)\settings\page.tsx","YES","SettingsClient, PageHeading","UNCATALOGUED","HUB","/api/organization, /api/organization/currency, /api/org-members, /api/org-members/{userId}","Organisation settings: profile, base currency and member/role management."
"/site-diary/[id]","C:\ct\projexa\src\app\(app)\site-diary\[id]\page.tsx","YES","SiteDiaryObjectClient","site-diary","OBJECT","/api/site-diary/{id}","One site-diary day entry."
"/site-diary/new","C:\ct\projexa\src\app\(app)\site-diary\new\page.tsx","YES","SiteDiaryCreateClient, CreateScreenUnavailable","site-diary","CREATE","/api/site-diary","Write a site-diary entry."
"/site-diary","C:\ct\projexa\src\app\(app)\site-diary\page.tsx","YES","SiteDiaryClient, PageHeading","site-diary","LIST","/api/site-diary","Site-diary entry list for the selected project."
"/site-materials","C:\ct\projexa\src\app\(app)\site-materials\page.tsx","YES","NONE (server redirect only)","materials","REDIRECT","NONE","Kept nav entry whose Inbound/Cost-Report tabs called VERIDIAN paths that never existed; now redirects to /materials carrying projectId."
"/submittals/[id]","C:\ct\projexa\src\app\(app)\submittals\[id]\page.tsx","YES","SubmittalObjectClient","submittals","OBJECT","/api/submittals/{id}","One submittal with its review status."
"/submittals/new","C:\ct\projexa\src\app\(app)\submittals\new\page.tsx","YES","SubmittalCreateClient, CreateScreenUnavailable","submittals","CREATE","/api/submittals","Raise a submittal."
"/submittals","C:\ct\projexa\src\app\(app)\submittals\page.tsx","YES","SubmittalsClient, PageHeading, ProjectLoadError","submittals","LIST","/api/submittals","Submittal register for the selected project."
"/vendors/[id]","C:\ct\projexa\src\app\(app)\vendors\[id]\page.tsx","YES","VendorObjectClient","vendors","OBJECT","/api/vendors/{id}, /.../bank-accounts, /.../qualification, /.../sanction-checks, /.../portal-links, /.../portal-links/{id}","One vendor: bank accounts, qualification, sanction checks and portal links."
"/vendors/new","C:\ct\projexa\src\app\(app)\vendors\new\page.tsx","YES","VendorCreateClient","vendors","CREATE","/api/vendors","Create a vendor master record."
"/vendors","C:\ct\projexa\src\app\(app)\vendors\page.tsx","YES","VendorsClient, PageHeading","vendors","LIST","/api/vendors","Org-wide vendor master list (module is needsProject:false)."
"/wiki/[id]","C:\ct\projexa\src\app\(app)\wiki\[id]\page.tsx","YES","WikiObjectClient","wiki","OBJECT","/api/wiki/{id}","One project wiki page."
"/wiki/new","C:\ct\projexa\src\app\(app)\wiki\new\page.tsx","YES","WikiCreateClient, CreateScreenUnavailable","wiki","CREATE","/api/wiki","Create a wiki page."
"/wiki","C:\ct\projexa\src\app\(app)\wiki\page.tsx","YES","WikiClient, PageHeading","wiki","LIST","/api/wiki","Project wiki page list."
"/work-progress/[id]","C:\ct\projexa\src\app\(app)\work-progress\[id]\page.tsx","YES","WorkProgressObjectClient","work-progress","OBJECT","/api/work-progress/{id}, /api/work-progress, /api/work-progress/activities, /api/work-progress/photos","One work-progress entry with activities and site photos."
"/work-progress","C:\ct\projexa\src\app\(app)\work-progress\page.tsx","YES","WorkProgressPageClient, WorkProgressReportClient, WorkProgressAnalyticalClient, ModuleScreenContext","work-progress","LIST","/api/work-progress, /api/work-progress/activities, /api/work-progress/report, /report/pdf, /report/xlsx, /report/share","Work Progress entries plus the WPR report tab (PDF/XLSX/share) and the analytical tab; params via parseWprParams."
"/auth/callback","C:\ct\projexa\src\app\auth\callback\page.tsx","NO","(inline client page; uses @/lib/supabase/client createClient)","UNCATALOGUED","AUTH","/api/org/provision","Supabase OAuth/magic-link callback: exchanges the code, provisions the org, then routes on; shows 'Sign-in link could not be used' on failure."
"/hi/how-it-works","C:\ct\projexa\src\app\hi\how-it-works\page.tsx","NO","HowItWorksContent, MarketingLocaleProvider","UNCATALOGUED","PUBLIC","NONE (force-static, revalidate 3600)","Hindi prerender of the How-It-Works marketing document; middleware rewrites Hindi visitors here."
"/hi","C:\ct\projexa\src\app\hi\page.tsx","NO","LandingPage, MarketingLocaleProvider","UNCATALOGUED","PUBLIC","NONE (force-static, revalidate 3600)","Hindi prerender of the landing page; the canonical URL stays / and middleware rewrites to this document."
"/how-it-works","C:\ct\projexa\src\app\how-it-works\page.tsx","NO","HowItWorksContent","UNCATALOGUED","PUBLIC","NONE (force-static, revalidate 3600)","English How-It-Works marketing page: one change order moving through five modules on top of VERIDIAN AI OS."
"/invite/[token]","C:\ct\projexa\src\app\invite\[token]\page.tsx","NO","(inline client page; Card/Button + supabase client)","UNCATALOGUED","AUTH","/api/org/invites/preview?token=, /api/org/invites/accept","Token-scoped invite redemption: preview the invite pre-membership, then accept it."
"/login","C:\ct\projexa\src\app\login\page.tsx","NO","(inline client page; Card/Input/Label/Button + supabase client)","UNCATALOGUED","AUTH","/api/org/provision","Email/password sign-in; middleware sends an already-authenticated visitor away."
"/","C:\ct\projexa\src\app\page.tsx","NO","LandingPage","UNCATALOGUED","PUBLIC","NONE (force-static, revalidate 3600; reads nothing from the request)","English marketing landing page. The logged-in redirect to /dashboard lives in middleware.ts, not here (R67 J-01)."
"/share/attendance/[token]","C:\ct\projexa\src\app\share\attendance\[token]\page.tsx","NO","(inline server page; @/lib/attendance-summary helpers)","UNCATALOGUED","PUBLIC","direct fetch VERIDIAN_ORIGIN + /api/reports/share/{token} (no auth of any kind, by design)","Unauthenticated public attendance summary behind a share token."
"/share/report/[token]","C:\ct\projexa\src\app\share\report\[token]\page.tsx","NO","(inline server page; @/lib/work-progress-report helpers)","UNCATALOGUED","PUBLIC","direct fetch VERIDIAN_ORIGIN + /api/reports/share/{token}","Unauthenticated public work-progress report (% by BOQ value and by activity log) behind a share token."
"/shared/mom/[token]","C:\ct\projexa\src\app\shared\mom\[token]\page.tsx","NO","(inline server page)","UNCATALOGUED","PUBLIC","direct fetch VERIDIAN_ORIGIN + /api/veri-meetings/share/{token}; PDF via /api/shared/mom/{token}/pdf","Unauthenticated public Minutes-of-Meeting page at the path VERIDIAN's own share-link composer emits (needs its own /shared/ prefix in page-access.ts)."
"/signup","C:\ct\projexa\src\app\signup\page.tsx","NO","(inline client page; Card/Input/Label/Button + supabase client)","UNCATALOGUED","AUTH","/api/org/provision","Sign-up; provisions the organisation on first successful session."
