"Category","Item","File_Path","Kind_Of_State","Lifetime_Or_Scope","Read_By","Written_By","Failure_Or_Reset_Behaviour","Notes"
"A. Client state","Shell session store (snapshot + listeners)","C:\ct\projexa\src\lib\shell-store.ts","Module-level JS variable `snapshot` + Set of listeners; stale-while-revalidate","Life of the browser tab; dies on remount-free module reload only","AttendanceCreateClient.tsx, DashboardSpeculation.tsx, LabourClient.tsx, MaterialReceiptCreateClient.tsx, ProjectCreateClient.tsx, RosterCreateClient.tsx (via useShell/getShellUserId)","loadShell()/fetchBootstrap() from GET /api/shell; invalidateShell(...keys) on writes","Failed bootstrap KEEPS last known-good data; if none, mints an empty payload with errors.shell = message. resetShellStore() is a test seam.","Deliberately module-level, not React context, so it survives a shell remount and is writable from handlers outside the provider."
"A. Client state","SHELL_FRESHNESS_MS per-key TTL table","C:\ct\projexa\src\lib\shell-store.ts:42","Constant record ShellKey -> ms","Policy constant","shellNeedsRevalidation(), staleShellKeys()","Source code only","N/A","organization 5min, projects 5min, notifications 60s, pillUsage 5min, capabilityTree 24h, currencies 24h, vendors 10min (matches Cache-Control max-age=600 on /api/vendors)."
"A. Client state","SHELL_FAILURE_COOLDOWN_MS","C:\ct\projexa\src\lib\shell-store.ts:104","Constant + module var `lastFailureAt`","Per tab","loadShell()","fetchBootstrap() on failure","30_000 ms. Without it a down backend is hammered in a tight loop, because 'stale' is what triggers refetch. `force=true` bypasses.","A success sets lastFailureAt = 0 and clears invalidatedAt marks it just answered."
"A. Client state","ShellBootstrapPayload (the six session-scoped reads)","C:\ct\projexa\src\app\api\shell\route.ts:29","Server response type; `dynamic = ""force-dynamic""`","Per request, per authenticated user+org","shell-store.ts fetchBootstrap()","Route handler; Promise.allSettled over org/projects/notifications/pillUsage/capabilityTree/currencies/vendors","allSettled not all: a failed pill ranking must not blank the org name. Each failure named in `errors` with backend's own words.","Carries `fetchedAt: number` (the staleness clock) and `userId` (added R80 GAP-8 so last-choice.ts can key per person). Tasks deliberately excluded (they change as the user works)."
"A. Client state","Generic SWR store: values / inFlight / listeners Maps","C:\ct\projexa\src\lib\shell-cache.ts:58","Three module-level Maps<string, ...>","Life of the tab; NOT sessionStorage on purpose (identity-adjacent data must die with the page)","reference-lookups.ts, schedule-cache.ts","cachedShellJson(), writeShellCache()","A failure is NEVER cached (caching 'the org failed' for a minute turns one blip into a minute of broken header). ShellFetchError is thrown.","Concurrent readers of one key share ONE in-flight request. peek/write/subscribe added R67 F-11 so an optimistic pending row can be painted before the 201."
"A. Client state","SHELL_CACHE_TTL_MS / SHELL_SESSION_TTL_MS","C:\ct\projexa\src\lib\shell-cache.ts:36,49","Constants","Policy","cachedShellJson(), peekShellCache(), schedule-cache.ts","Source code only","N/A","60_000 ms default; 600_000 ms for session-stable reads (org, project list) that only change when a human acts and whose paths invalidate explicitly. SHELL_PROJECTS_KEY = 'shell:projects'."
"A. Client state","readJsonWithRetry -- one retry before any fallback","C:\ct\projexa\src\lib\shell-resilience.ts:206","Pure async function; no stored state","Per call","shell-store.ts fetchBootstrap()","N/A","Exactly 2 attempts, 1000 ms apart. Status read BEFORE body every time. A thrown fetch sets status = null (never invents a reply that did not come).","Returns {ok:true,data,attempts} or {ok:false,error,attempts,status}. `status` added for D-65 so the read-error dictionary can withhold Retry on 401/403 and name 504 a timeout."
"A. Client state","RankedCache (pill-strip ranking, per user)","C:\ct\projexa\src\lib\shell-resilience.ts:72","Serialised {last, byUser} record","UNKNOWN (parse/serialise are pure; the storage medium lives in the shell call site)","rankingFor(cache, userId), sameRanking()","rememberRanking()","parseRankedCache() returns EMPTY_RANKED_CACHE on anything malformed.","sameRanking() compares key+label+pin IN ORDER, because the order IS the ranking -- a repaint that reorders cards under a moving finger is the defect."
"A. Client state","Speculative prefetch store","C:\ct\projexa\src\lib\prefetch-store.ts","Module Map<string,PrefetchEntry> + inFlight Set + queue array","Per tab","DashboardSpeculation.tsx, use-hover-prefetch.ts, use-list-read.ts","prefetch(key, fetcher); invalidatePrefetch / invalidatePrefetchMatching","A prefetch that fails is simply forgotten and the screen fetches normally. Never awaited by a render path. resetPrefetchStore() is a test seam.","Four hard bounds: PREFETCH_TTL_MS 60_000, PREFETCH_MAX_ENTRIES 5 (oldest evicted), PREFETCH_MAX_CONCURRENCY 2, one flight per key. HOVER_INTENT_MS = 100."
"A. Client state","primaryListUrl -- the speculation URL map","C:\ct\projexa\src\lib\module-prefetch.ts:20","Pure route->URL switch","Static","DashboardSpeculation.tsx, use-hover-prefetch.ts","Source code only","A module not listed is a no-op, never a wrong guess.","Covers /scope, /work-progress, /permits, /moms, /drawings, /documents, /labour, /materials. DASHBOARD_SPECULATION_ROUTES = ['/scope','/work-progress']."
"A. Client state","Report result cache","C:\ct\projexa\src\lib\report-result-cache.ts","sessionStorage, prefix `px.report.`","Per tab; survives navigation away and back, dies with the tab","ReportsClient.tsx","writeCachedReport(); clearCachedReports() called by M24Shell's SIGNED_OUT handler","Every op wrapped: private mode / disabled storage / quota all mean 'no cache', never a throw on a render path.","REPORT_CACHE_MAX_AGE_MS = 30 min -- anything older is discarded, not painted. Key sorts params so two callers building the same query in different order share one entry."
"A. Client state","Schedule tab cache (4 Radix tabs sharing one store)","C:\ct\projexa\src\lib\schedule-cache.ts","Delegates to shell-cache.ts's Maps","Per tab, keyed by (resource, projectId)","NO PRODUCTION CONSUMER -- grep finds only schedule-cache.test.ts","loadSchedule/warmSchedule/writeSchedule; invalidateScheduleProject() on every write path","A write must invalidate: 'a cache that can show a user their own write as not-yet-happened is worse than no cache.'","VERIFIED UNUSED in src/ outside its own test. Resources: board, sprints, timesheets, timesheetsMine, tasks, gantt. timesheetsMine is a separate key, not a param, so the 'mine only' toggle cannot serve the other view's rows."
"A. Client state","Public marketing page cache policy","C:\ct\projexa\src\lib\public-page-cache.ts","Constants + pure route functions","Static; consumed at request time by middleware","src\middleware.ts (isLandingRoute, isStaticPublicRoute, localisedMarketingPath)","Source code only","Route list is EXACT, never a pattern -- stale-while-revalidate on an authenticated route would let a shared cache hand one tenant's HTML to another.","PUBLIC_PAGE_CACHE_CONTROL = 'public, s-maxage=3600, stale-while-revalidate=86400'. STATIC_PUBLIC_ROUTES = ['/','/hi','/how-it-works','/hi/how-it-works']. Imports only i18n/locales so it is Edge-safe."
"A. Client state","Click budget (D-08 flow arithmetic)","C:\ct\projexa\src\lib\click-budget.ts","Pure data + costOf() function","Static","NO PRODUCTION CONSUMER -- only click-budget.test.ts","Source code only","N/A","VERIFIED UNUSED in src/. CLICK_BUDGET = 3 (incl. final Save), TYPED_VALUE_BUDGET = 1. Splits `entry` (which task) from `clicks` (everything after, incl. Save) because C-16's acceptance says four selections and 'three clicks'."
"A. Client state","Latency budget evaluator","C:\ct\projexa\src\lib\perf-budget.ts","Pure functions over budgets.json","Static","C:\ct\projexa\scripts\perf-harness.mjs (imports ../src/lib/perf-budget.ts)","Figures live in C:\ct\projexa\perf\budgets.json","usableMs = null means the screen NEVER became usable inside the wait -- the most important failure the table reports.","Split from the measurement half deliberately: the old harness produced ms = -1 rows and selectors matching nothing, with no way to tell a broken measurement from a slow screen. parseServerTiming() reads the upstream/app split."
"A. Client state","Screen read budget (server/client shared constants)","C:\ct\projexa\src\lib\screen-budget.ts","Constants + budgetSignal()","Per call","veridian-client.ts (re-exports VERIDIAN_SCREEN_BUDGET_MS), ScreenLoading.tsx","Source code only","budgetSignal composes AbortSignal.timeout with the caller's signal -- but AbortSignal.timeout() NEVER FIRES on Bun 1.3.14 (Windows), so veridian-client uses an explicit AbortController + setTimeout instead.","VERIDIAN_SCREEN_BUDGET_MS = 8_000, SLOW_READ_NOTICE_MS = 3_000. Both in ONE server-safe module so a 3 s caption cannot promise a wait a longer timeout has made a lie."
"A. Client state","Autosave policy","C:\ct\projexa\src\lib\autosave.ts","Pure label function; no storage","Per editing session","MoMObjectClient.tsx","N/A","Failure wording is deliberately NOT here -- an autosave failure is a read-error-shaped event and goes through the one dictionary in task-errors.ts.","AUTOSAVE_IDLE_MS = 2000. Statuses: idle|pending|saving|saved|error. Shows the CLOCK TIME it last landed, not a bare tick -- a user typing ten minutes cannot otherwise tell what is safe. Time zone default 'Asia/Dubai'."
"A. Client state","Last-choice picker memory","C:\ct\projexa\src\lib\last-choice.ts","localStorage, key `veri.lastChoice.v2.<userId>.<projectId>.<picker>`","Persistent per browser profile, scoped by person + project + picker","AttendanceCreateClient.tsx, MaterialReceiptCreateClient.tsx (via EntityCombobox / rememberedOption)","setLastChoice()","Every access guarded -- localStorage THROWS (not returns null) in Safari private mode, in webviews with site data disabled, and in cross-origin iframes.","R80 GAP-8 bumped v1 -> v2: v1 hard-coded the identity segment to 'self', so on a shared site-office laptop every entry belonged to 'whoever last used this browser'. v1 keys are deliberately orphaned, not migrated. UNKNOWN_USER_SCOPE = 'self' is still the fallback when userId is null."
"A. Client state","Pane state machine (idle/loading/ready/error)","C:\ct\projexa\src\lib\pane-state.ts","Pure Pane<T> value type, no React","Per pane, per mount","DashboardHierarchyClient.tsx, DocumentsClient.tsx, DrawingsClient.tsx, LabourClient.tsx, PaneState.tsx, PermitsListClient.tsx","idlePane/seededPane/loadingPane/readyPane/errorPane transitions","`loading` KEEPS existing rows so a background revalidation never blanks a correct table. `error` also keeps last known-good rows.","rows and error are independent: empty+no error = 'there are none'; empty+error = 'we could not find out'. Loading captions escalate at PANE_NAMED_WAIT_MS 2000 / PANE_ELAPSED_WAIT_MS 3000 / PANE_SLOW_WAIT_MS 8000. paneAsOf() freshForMs default 60_000."
"A. Client state","List filter persistence","C:\ct\projexa\src\lib\list-view-state.ts","sessionStorage, prefix `veri.list.filters:`","Per tab; read on EVERY mount (opposite of a receipt), cleared only when the user clears the filter","DrawingsClient.tsx","writeListFilters(key, filters)","Every access wrapped; returns {} on throw. An empty filter set REMOVES the key rather than storing '{}'.","The kit's ListScreen already carries sort/page/scroll keyed by functionId but saves `filters: {}` unconditionally -- this is the missing half. Deliberately untyped beyond Record<string,string>."
"A. Client state","Project preference -- ONE answer to 'which project'","C:\ct\projexa\src\lib\project-preference.ts","localStorage key `veri.rail.project` AND a cookie of the same name","Cookie max-age 31536000 (1 year), path=/, samesite=lax; localStorage persistent","M24Shell.tsx, project-context.tsx, BudgetsClient.tsx, module-list-source.ts, project-selection.ts, project-cookie.ts","writeStoredProjectId() writes both halves","Every read is checked against the projects the API actually returned, so a stale id for a deleted project cannot pin the rail.","Stored TWICE on purpose: localStorage so the rail paints pre-request, cookie so the SERVER agrees on the first render. Resolution order: URL wins, then last choice, then (only if exactly one project) that one, then auto. `source` says which happened so the rail can admit an automatic choice."
"A. Client state","project-cookie.ts -- thin delegation","C:\ct\projexa\src\lib\project-cookie.ts","Re-export; PROJECT_COOKIE === PROJECT_PREFERENCE_KEY","Same as above","Sign-out path (the only clearing path in the app)","rememberSelectedProject()","Clears BOTH the cookie and the localStorage copy -- clearing one would leave the PREVIOUS user's project id for the next person signing in on that browser.","Used to own its own cookie `projexa_project`; merged away because two independent answers to 'which project' is exactly the defect this closes."
"A. Client state","Server-side project resolution","C:\ct\projexa\src\lib\project-selection.ts","unstable_cache + next/headers cookies()","Per request; cache tagged by projectsCacheTag(organizationId)","Module pages, dashboard","N/A (read path)","Reads PROJECT_PREFERENCE_KEY from the cookie store; falls back through chooseProject()/pickRouteProject().","PROJECT_COOKIE re-exported here too -- this lane introduced 'px_project' and WS-A shipped 'veri.rail.project'; WS-A's survives because the server already reads it."
"A. Client state","Currency list cache","C:\ct\projexa\src\lib\currency.ts","sessionStorage key `px.currencies` + module-level `currenciesPromise` memo","Per tab","dashboard/page.tsx, /api/currencies, /api/organization/currency, /api/projects/[id]/category-distribution, /api/purchase-orders, /api/shell","writeCachedCurrencies() after a successful /api/currencies fetch","`ok` distinguishes a real answer from a failed one -- both settle `loaded`, but only a real answer may REPLACE an existing list, so one flaky request cannot blank every money label on the page.","clearCurrenciesCache() called on sign-out by M24Shell: sessionStorage outlives a sign-out inside one tab and the list is org-scoped. Exists because '₹'/'INR' was hardcoded in 3+ components independently."
"A. Client state","Reference lookups (vendors)","C:\ct\projexa\src\lib\reference-lookups.ts","Uses shell-cache.ts store, key `reference:vendors`","TTL defaults to SHELL_CACHE_TTL_MS (60 s)","ApplicationCreateClient, AuditFindingCreateClient, EntityCombobox, LeaveBalanceCreateClient, SalaryStructureCreateClient, SalesOrderCreateClient","loadVendors(); invalidateVendors()","Same guarantees as shell-cache: failures not cached, one in-flight per key.","/labour, /labour/new and /labour/[id] each fetched GET /api/vendors independently on every mount. soleOptionId() and rememberedOption() are the shared 'one option / remembered option' helpers."
"A. Client state","Composer conversation turns (band 2)","C:\ct\projexa\src\lib\conversation.ts","sessionStorage, key `veri.band2.<lowercased email>` (or 'anonymous')","Per tab, per user","ConversationBand.tsx, gap-card.ts","The component owns sessionStorage; this module only says what to write and how to read it","parseTurns() drops anything not matching the contract -- a stored blob survives a deploy and may have been written by an older version of this file; a half-parsed turn on screen is worse than an empty band.","MAX_TURNS = 12; appendTurn() trims from the front. Serialised as {v:1, turns}. Exists because the kit declares a CONVERSATION band that PROJEXA rendered as nothing -- what the user typed vanished on Send."
"A. Client state","Attendance draft (the exceptions, not the selection)","C:\ct\projexa\src\lib\attendance-draft.ts","Pure value {absentIds, halfDayIds}; no storage","Per editing session","AttendanceCreateClient.tsx (via chip grid)","toggleAbsent(), toggleHalfDay()","EMPTY_ATTENDANCE_DRAFT = everyone present.","Stores who is NOT present, so a worker who joined this morning arrives present (the truth on most days) and the state survives a roster reload. Storing 'who is present' would mark a new worker absent."
"A. Client state","Composer mode -- derived, not stored","C:\ct\projexa\src\lib\chain-mode.ts","Pure deriveMode(segments); explicitly NO state","N/A","Composer","N/A","N/A","DELETED STATE, recorded here because it is what a support engineer will find referenced elsewhere: the mode used to live in React state, sticky in sessionStorage under `veri.chain.mode`, set by three tabs that changed nothing but their own colour. Request body is byte-identical."
"A. Client state","Per-request timing ledger","C:\ct\projexa\src\lib\request-timing.ts","AsyncLocalStorage scope (RequestTiming)","One HTTP request","withTiming() / /api routes' `Server-Timing: upstream;dur=` header","veridian-client.ts calls recordUpstream(durationMs) on every settled upstream call; recordRequestOrg()","A no-op outside a timed scope (server components, scripts) -- never throws.","ALS rather than a parameter: threading a timer through ~250 route files and every call site inside them gets a wrong answer the moment one site forgets. Two touch points instead."
"A. Client state","Server-component latency profiler","C:\ct\projexa\src\lib\debug-latency.ts","Opt-in console.time wrapper","Per render, only when DEBUG_LATENCY=1","Instrumented server pages (e.g. /labour)","N/A","OFF by default and off in production -- every call is a plain pass-through unless the env var is set.","Closes the gap that withTiming() only covers /api/* route handlers, which a server component never goes through."
"A. Client state","createCachedVeridianGet -- org-scoped Next Data Cache","C:\ct\projexa\src\lib\veridian-client.ts:864","unstable_cache keyed by [cacheKey, path] + organizationId as the sole argument","revalidateSeconds per call site; tagged by cacheKey","GET-only reference data (currency master, cost centers, fiscal years)","N/A","Caller MUST have run requireAuth() first -- this caches downstream data for an already-authorized org, it never substitutes for the authorization check.","SECURITY: Next's ordinary fetch cache keys on URL+method+body only, NOT headers, so adding `next:{revalidate}` to the shared fetch would serve org A's cached response to org B. That is why this helper exists. Must be defined once at module scope, never re-wrapped per request."
"A. Client state","Screen-definition column cache","C:\ct\projexa\src\lib\screen-definitions.ts","unstable_cache per org","Revalidate window + per-org tag","Every module page","N/A","Falls back on VeridianApiError.","Every module page used to call VERIDIAN's /screen-definitions/{functionId} on EVERY navigation, in the pre-paint critical path, for a registry row that changes almost never -- several pages serially, after resolving the project."
"A. Client state","Module list source (page data resolution)","C:\ct\projexa\src\lib\module-list-source.ts","Several unstable_cache wrappers (cachedScreenDefinition, cachedProjects, cachedLabourLanding)","Per org, one tag per module","Eleven module page.tsx files","N/A","UNKNOWN (per-wrapper)","Replaces a 3-call SERIES (getServerOrganizationId -> resolveSelectedProject -> resolve<Module>ListColumns) that ran before Next could send a byte: module pages were 1.5-1.65 s TTFB and 6-8 s to usable vs /budgets at 616 ms."
"A. Client state","'as of HH:MM' honesty stamp","C:\ct\projexa\src\lib\as-of.ts","Pure formatter","Per render","Panes rendering speculatively-prefetched rows","N/A","The live revalidation running underneath removes the stamp as soon as it lands.","Uses the READER'S local clock, unlike format-date.ts's pinned en-US/UTC formatter -- this is 'how long ago did this happen to me', only meaningful in the reader's own wall clock."
"A. Client state","Composer Send button state","C:\ct\projexa\src\lib\composer-send-state.ts","Pure function","Per render","Composer","N/A","Encodes against a silent dead state (grey, unclickable, undefined disabledReason) and an instruction that contradicted the control ('Press send to run this' on a disabled button).","Reason and disabled flag come from ONE source so they cannot disagree."
"A. Authz","API write policy table (server-side role gate)","C:\ct\projexa\src\lib\authz\api-write-policy.ts","Checked-in Readonly<Record<string, WriteTier>> table","Static; consulted per mutating request","src\middleware.ts via checkApiWriteAccess() / resolveWriteTier()","Source code only","DEFAULT_WRITE_TIER = 'FIELD' -- an unlisted route fails api-write-policy.test.ts rather than shipping ungated.","Closes R48: at measurement, 146 of 159 mutating routes had NO role check -- any authenticated tenant member including read-only client_viewer could run payroll, create employees, raise POs or rewrite the BOQ. Counts drift (216 -> 254 route.ts files); the test recomputes from the filesystem."
"A. Authz","Page access -- deny-by-default","C:\ct\projexa\src\lib\authz\page-access.ts","PUBLIC_PAGE_PATHS / PUBLIC_PAGE_PREFIXES deny-lists","Static","src\middleware.ts (requiresAuthenticatedPage)","Source code only","Fails CLOSED: a forgotten entry ships a page that redirects to /login (visible in one click) instead of an ungated page (invisible forever).","Replaces middleware's PROTECTED_PREFIXES allow-list, which carried '/ai-copilot' while the route shipped as '/copilot' -- the one module the list explicitly meant to protect was open. /api/* is excluded here; that clause must not be dropped."
"A. Authz","Org role vocabulary","C:\ct\projexa\src\lib\authz\roles.ts","Type + ALL_ORG_ROLES + ROLE_GROUPS","Static; backed by memberships.role check constraint","auth-guard.ts (re-exports), api-write-policy.ts, src\middleware.ts","Source code only","N/A","owner, admin, pm, site_engineer, member, client_viewer. Split out of auth-guard.ts so Edge-runtime middleware can import the vocabulary without dragging in the next/headers-backed Node-only Supabase server client. PROJEXA's own axis, separate from VERIDIAN's user_role enum, because PROJEXA calls VERIDIAN with ONE shared per-org API key -- a per-user gate must live on this side to have any effect."
"A. Session","requireAuth / AuthContext","C:\ct\projexa\src\lib\supabase\auth-guard.ts","Per-request auth context {user, orgId, role}","One request","~209 of the /api route.ts files","N/A","requireRole(ctx, allowed) returns a NextResponse (a refusal) or null.","getServerOrganizationId() is the server-side org resolver. Re-exports the roles.ts vocabulary unchanged so existing imports keep working."
"A. Session","getClaimsWithRetry -- the mid-session-logout fix","C:\ct\projexa\src\lib\supabase\get-claims-with-retry.ts","Stateless wrapper","Per call","src\middleware.ts","N/A","Retries ONCE, and only when the error message matches /fetch failed|network|timeout|ECONNRESET|ETIMEDOUT/. Any other error is returned unretried.","CONFIRMED root cause of random mid-session logouts: the Edge runtime's sandboxed fetch intermittently throws ConnectTimeoutError reaching Supabase's edge, and that was being treated as 'user is logged out'."
"A. Session","Browser Supabase client","C:\ct\projexa\src\lib\supabase\client.ts","createBrowserClient factory (8 lines)","Per browser session","Client components (e.g. WorkProgressFormClient.tsx auth.getUser())","N/A","Non-null asserts NEXT_PUBLIC_SUPABASE_URL and NEXT_PUBLIC_SUPABASE_ANON_KEY.","Anon key only -- never the service role."
"A. Session","Server Supabase client (cookie bridge)","C:\ct\projexa\src\lib\supabase\server.ts","createServerClient with next/headers cookie store","Per request","Route handlers, server components, services","cookieStore.set() in setAll()","cookies().set() throws in a Server Component (which genuinely cannot set cookies) -- that case is safe because middleware already refreshed the session. The catch now LOGS, because it used to also swallow real Route Handler failures, making a failed session write indistinguishable and surfacing later as an unexplained logout.","Console.error message: '[supabase/server] cookies().set() failed -- if this came from a Route Handler or Server Action, the refreshed session was NOT persisted to the browser'."
"A. Session","Middleware session refresh + locale + gate","C:\ct\projexa\src\middleware.ts","Per-request; matcher covers pages AND /api/*","One request","N/A","Sets Supabase session cookies; sets NEXT_LOCALE on first visit only","Uses getClaims() (local WebCrypto JWT verify against a cached JWKS), not getUser(). getUser() made a live round-trip on EVERY request, and each Route Handler made its own on top -- one page load with ~6 API calls meant ~12 live Supabase Auth calls, any one failure silently bouncing to /login or 401ing a write.","Also guards against a THROWN exception, not just Supabase's own {error} -- production Vercel logs 2026-08-24 showed '[error/edge-middleware] Invalid UTF-8 sequence' bursts across every route."
"A. Services","Notification fan-out","C:\ct\projexa\src\lib\services\notification-service.ts","DB inserts via Supabase server client","Persistent rows","Notification UI / /api/shell payload","notifyOrgMembers(organizationId, actorUserId, content)","UNKNOWN","Content builders (buildRfiCreatedNotification, buildSubmittalStatusChangedNotification, buildPunchListCreatedNotification) are pure so 'what does this event say' is unit-testable without a live DB."
"A. Services","Global command-palette search","C:\ct\projexa\src\lib\services\search-service.ts","Stateless; fetch + in-memory filter","Per query","search-command.tsx","N/A","EMPTY_SEARCH_RESULTS is the zero value.","Most PROJEXA construction entities live entirely in VERIDIAN, so there is no SQL to run -- it fetches each project-scoped list via callVeridian() and filters in application code. `todos` is the ONE real local Postgres table PROJEXA has of its own, so that one genuinely runs a query."
"A. Services","Marketing lead capture","C:\ct\projexa\src\lib\services\contact-service.ts","Raw `db` insert into contactRequests","Persistent","UNKNOWN","submitContactRequest(payload)","Throws ContactRequestError.","Deliberately NO organizationId/RLS scoping -- these rows belong to an anonymous public visitor, not a tenant. No email step: this repo has no email/Resend infra, so a stored, queryable lead is the honest scope."
"A. DB","PROJEXA's own Postgres handle (lazy Proxy)","C:\ct\projexa\src\lib\db\index.ts","Drizzle over postgres-js; lazily constructed behind a Proxy","Process lifetime; max: 1 connection, prepare: false","veridian-client.ts (veridianCredentials), contact-service.ts, search-service.ts (todos)","N/A","Importing the module must NOT require DATABASE_URL -- most PROJEXA requests never touch this DB. Throws only on first real use if no connection string resolves.","Prefers DATABASE_URL, else builds the ap-south-1 transaction-pooler URL from NEXT_PUBLIC_SUPABASE_URL + SUPABASE_DB_PASSWORD. ssl.rejectUnauthorized false."
"A. DB","PROJEXA-local schema","C:\ct\projexa\src\lib\db\schema.ts","Drizzle table definitions","Persistent","db/index.ts (re-exported via `export * from './schema'`)","Migrations in C:\ct\projexa\drizzle","N/A","Holds PROJEXA's own tables only -- veridian_credentials (per-org VERIDIAN API keys), contact_requests, todos, memberships. NOT construction domain data; that lives in VERIDIAN."
"A. Theme","WCAG contrast tokens + pairings","C:\ct\projexa\src\lib\theme\contrast.ts","Constant token table + PAIRINGS list","Static","contrast.test.ts (parses globals.css and asserts every row)","Source code only; globals.css is the runtime source","A colour added to globals.css without a row here is how the failing button 'came back the first time'.","Audit measured saffron-on-cream at 2.56:1 and white-on-saffron-button at 2.60:1. AA_TEXT 4.5, AA_UI 3. TOKEN_CSS_VARS maps each token to its custom property and scope (root|dark). ACCEPTED_BELOW_UI_FLOOR records deliberate, reasoned exceptions."
"B. Error contract","VeridianErrorCode -- THE CLOSED UPSTREAM VOCABULARY","C:\ct\projexa\src\lib\veridian-client.ts:74-88","Exported union type","Static contract","Every screen and every /api/* proxy; veridian-response.ts's RETRYABLE_CODES lookup","throwForResponse() inside veridian-client.ts","A 4xx carries NO code by design -- the upstream gave a real, specific answer (404 'no row seeded yet', 400 'projectId required') and its own message is the thing to show; inventing an infrastructure code would be false.","Exactly four values: UPSTREAM_TIMEOUT (no answer inside the abort budget), UPSTREAM_500 (answered with a server error), STORAGE_UNAVAILABLE (its Supabase client is unconfigured -- 'supabaseKey is required'; distinct and actionable, must never show as a generic error), NETWORK (ECONNRESET/ECONNREFUSED/ENOTFOUND/CONNECT_TIMEOUT)."
"B. Error contract","VeridianApiError.message vs .detail","C:\ct\projexa\src\lib\veridian-client.ts:90-160","Error class fields","Per thrown error","message: virtually every /api route returns it verbatim as {error: <message>} and several screens render it directly. detail: logged server-side ONLY, never returned.","The class constructor","message must never carry anything the user should not see.","detail is the operator's half -- the internal URL and the exact budget."
"B. Error contract","VeridianApiError.code vs .ruleCode -- TWO closed vocabularies","C:\ct\projexa\src\lib\veridian-client.ts:96-135","Two separate readonly fields","Per error","code -> HTTP status + honest Retry-After; ruleCode -> the browser turns it into a sentence via task-errors.ts","Constructor, from ONE `coded` parameter so a call site cannot hand the code and the body two different objects","They never co-occur: a rule refusal is a 4xx, where `code` is null by design. code is null for 4xx AND for resolveApiKey()'s local config errors (which never reached the network).","code = the four-value TRANSPORT classification. ruleCode = the BUSINESS-RULE vocabulary (BOQ_LINE_REQUIRED, ...). Collapsing them would widen VeridianErrorCode to string and break RETRYABLE_CODES, which is what makes the retry advice truthful. Wire shape unchanged: /api/work-progress still answers {code, missing}."
"B. Error contract","VeridianApiError.body + .missing","C:\ct\projexa\src\lib\veridian-client.ts:136-160","Whole upstream error body, kept verbatim","Per error","The revise screen renders the scope-reduction 409's conflicts[] as a table above the override -- it cannot do that from prose","Constructor","DATA FOR A PROXY TO FORWARD DELIBERATELY, never something to spill into a user-facing string.","`missing` is the string[] of missing field names, filtered for type safety."
"B. Error contract","VERIDIAN_FETCH_TIMEOUT_MS (the read budget)","C:\ct\projexa\src\lib\veridian-client.ts:204","Constant, 8_000 ms","Per attempt","Every callVeridian","Source code only","Cut from 20 s and the retry-on-timeout removed. MEASURED cost of the old pair: 20+20 = 40 s of spinner before anything appeared; the dev log line `GET /api/tasks?limit=50 504 in 56s` is that 40 s plus the proxy's work. Nobody waits 40 s -- they reload, starting a second 40 s.","Root cause it bounds: every fetch() here originally had NO timeout, so a VERIDIAN hang consumed Vercel's full 300 s function cap. Real incident 2026-08-25, 5 users, /api/projects //scope //module-chain //currencies //dashboard. Exported so the budget is assertable by a constant rather than an unreliable wall-clock test."
"B. Error contract","VERIDIAN_TOTAL_BUDGET_MS / VERIDIAN_UPLOAD_TIMEOUT_MS","C:\ct\projexa\src\lib\veridian-client.ts:222,228","Constants: 30_000 ms upload, 9_000 ms total-with-retry","Per call","callVeridianUpload(), callVeridianBinary(); the 9 s ceiling applies to callVeridian","Source code only","The 8 s read budget explicitly DOES NOT apply to file transfer: a file upload has no 'still loading' contract, the bytes are visibly going up, and the honest thing is to let them finish.","Applying the read budget to uploads took a site engineer's multi-megabyte drawing over 4G from 20 s to 8 s -- and since the retry was correctly removed for non-GET, the failure is FINAL with nothing saved. Covers POST /api/permits, /api/drawings, /api/documents, /api/scope/import (BOQ workbook relay)."
"B. Error contract","TASK_ERROR_CODES -- the write/rule refusal dictionary","C:\ct\projexa\src\lib\task-errors.ts:47-83","29-value const tuple + TASK_ERROR_DICTIONARY","Static","Every screen that renders a failed run; taskErrorFor(), messageFor()","Source code only","An unknown code renders unknownCodeMessage() -- the honest fallback -- not a crash.","Deliberately DUPLICATED from compliance-tracker's PIPELINE_ERROR_CODES rather than imported, because the two repos deploy separately: a code the server starts sending before this dictionary knows it must degrade, not break the shell. Codes: PROJECT_REQUIRED, BOQ_LINE_REQUIRED, VALUE_REQUIRED, DATE_REQUIRED, WORKER_REQUIRED, TITLE_REQUIRED, TASK_REQUIRED, ACTIVITY_REQUIRED, HOURS_REQUIRED, MATERIAL_REQUIRED, QUANTITY_REQUIRED, CATEGORY_REQUIRED, LINK_REQUIRED, BOQ_VERSION_REQUIRED, BOQ_LINE_NOT_FOUND, BOQ_LINE_IS_PARENT, PROJECT_NOT_REACHABLE, VALUE_OUT_OF_RANGE, RECORD_NOT_FOUND, ALREADY_RECORDED, REQUEST_REJECTED, FUNCTION_NOT_AVAILABLE, NOT_PERMITTED, READ_AS_QUESTION, DEPENDENCY_FAILED, BACKEND_UNAVAILABLE, UPSTREAM_TIMEOUT, INTERNAL_ERROR, UNKNOWN."
"B. Error contract","TaskErrorAction -- what the row's button does","C:\ct\projexa\src\lib\task-errors.ts:95","Union 'fix' | 'retry' | 'open'","Static","The error row's button","Source code only","'fix' loads the chain with the missing step's picker open AND STOPS -- it must never re-execute (M24's load-never-execute rule). 'retry' re-submits the identical body, ONLY for transport failures where nothing was written. 'open' executes nothing and retries nothing.","MissingStep keys into chain-walk.ts's level table: boqLine, project, value, task, worker. FIX_PARAMS: project, boqLine, boqVersion, value, date, worker, material, task."
"B. Error contract","READ_ERROR_CODES -- the READ failure vocabulary","C:\ct\projexa\src\lib\task-errors.ts:682-690","5-value const tuple","Static","read-outcome.ts, pane-state.ts paneError(), describeReadError()","classifyReadError()","Never a guess: with neither a recognised status nor a recognised message, the answer is the generic UPSTREAM_ERROR.","UPSTREAM_TIMEOUT, UPSTREAM_ERROR, STORAGE_UNAVAILABLE, NOT_AUTHORISED, NOT_FOUND. Note this is a THIRD closed set, distinct from VeridianErrorCode (transport) and TASK_ERROR_CODES (write rules) -- it is the read side. Merged into this file rather than starting a second dictionary (item D-65)."
"B. Error contract","classifyReadError precedence","C:\ct\projexa\src\lib\task-errors.ts:700-708","Pure function {status, message} -> ReadErrorCode","Per failure","read-outcome.ts errorOutcome(), describeReadError()","N/A","Order is load-bearing: STORAGE_MESSAGE (/supabasekey is required|supabase_?key/i) is checked FIRST, before status; then 401/403 -> NOT_AUTHORISED; 404 -> NOT_FOUND; 504/408 or /did not respond in time|timed out|timeout|ETIMEDOUT|ECONNRESET/i -> UPSTREAM_TIMEOUT; else UPSTREAM_ERROR.","STORAGE_UNAVAILABLE is only recoverable while the words 'supabaseKey is required' are still present, which is why read-outcome keeps the raw message alongside the redacted one."
"B. Error contract","sanitiseBackendMessage + UNSAFE_PATTERNS","C:\ct\projexa\src\lib\task-errors.ts:620-648","Regex redaction gate","Per message","read-outcome.ts (safeMessage), describeReadError(), taskErrorSentence()","N/A","Any match returns GENERIC_FAILURE = 'That didn't run. Nothing was saved.' Everything else is human prose authored in this project and passes through unchanged.","D-03's absolute rule. Patterns block: host:port, a camelCase parameter name (itemCode, projectId), a quoted snake_case function id, and the literal function_id. Also blocks IPs."
"B. Error contract","describeReadError -- the one sentence a failed pane shows","C:\ct\projexa\src\lib\task-errors.ts:731-743","Pure -> ReadErrorDescription","Per failure","pane-state.ts paneError()","N/A","retryable = code is neither NOT_AUTHORISED nor NOT_FOUND (a 401 or a 404 will not fix itself). detail is dropped when it redacts to GENERIC_FAILURE.","Sentence form: 'Couldn't load {entity} -- {reason} ({CODE}).' Reasons: didn't answer / returned an error / file storage is not configured for this environment / you don't have access to it / it isn't there any more. footer: '1 error on this screen'."
"B. Error contract","taskErrorSentence -- the three-way resolver","C:\ct\projexa\src\lib\task-errors.ts:670-681","Pure function","Per failure","Screens holding one Error message string","N/A","Order: a real code -> the dictionary's sentence; a safe backend sentence -> show it (most specific thing anyone knows); unshowable -> the caller's own fallback.","Exists because three screens were each about to decide this slightly differently. `fallback` lets Reports say 'Could not run Project Status' rather than one generic sentence for the whole product."
"B. Error contract","ListOutcome<T> -- a list read resolves to one of THREE things","C:\ct\projexa\src\lib\read-outcome.ts:100-140","Discriminated union ready|empty|error","Per read","use-list-read.ts, work-progress-reads.ts, DashboardHomeView.tsx, ProjectCreateClient.tsx","listOutcomeFromResponse(), listOutcomeFromError(), listOutcomeFromRows()","'empty' must be MINTED by a successful read -- it can never be arrived at by a .length===0 check on a defaulted value. There is no shape a failure can take that a caller could mistake for zero rows.","Kills the `?? []` mechanism: an error payload became an empty array no backend ever sent. Error variant carries message (VERBATIM, transport not display), safeMessage (redacted, safe to render), code, httpStatus, retry."
"B. Error contract","mayAssertEmpty / dashboardSummary -- empty-state honesty","C:\ct\projexa\src\lib\read-outcome.ts:20-70","Pure predicates","Per render","DashboardHomeView.tsx and the /dashboard greeting","N/A","data null + a failure => say the read failed. data null + no failure => genuinely nothing yet.","THE RULE: a screen may only state a definite fact when the read that establishes it SUCCEEDED. Not the same as 'show an error' -- R46S11_01 and R48_OVERVIEW both DID show a truthful error and then contradicted it one line below with a confident count. When GET /api/projects 504'd, /dashboard read 'No active projects yet' to an org with 5 active projects."
"B. Error contract","SourceStatus -- one status per SOURCE, not one spinner per screen","C:\ct\projexa\src\lib\source-status.ts","Union {loading}|{ok}|{error,text}","Per source, per screen","NO PRODUCTION CONSUMER -- grep finds only source-status.test.ts","sourceError(err, context)","mayShowFigure() requires EVERY source to be 'ok': a KPI tag is a claim about the data, so it may only render when the read establishing it succeeded.","VERIFIED UNUSED in src/. The defect: WorkProgressAnalyticalClient awaited four reads with no catch and set loading=false on the last happy-path line, so one rejected BOQ fetch left 'Loading…' for the session while KPI tags above already showed figures from the reads that HAD succeeded. errorTexts() returns every failure so a screen with two outages says both."
"B. Error contract","Storage-availability probe (fails OPEN)","C:\ct\projexa\src\lib\storage-status.ts","unstable_cache, org-keyed, 60 s, tag 'storage-status'","Per org, 60 s","documents/upload/page.tsx, drawings/new/page.tsx, permits/new/page.tsx","The probe itself lives in compliance-tracker (src/lib/storage-config.ts), cached 60 s there","FAILS OPEN on purpose: probe failure => 'configured', upload screens render normally. A guard that turned its own outage into 'file storage is not configured' would tell the user something it does not know. Failure is logged. Missing organizationId also returns true.","Also handles the case where unstable_cache throws its OWN invariant outside a request/render (isDataCacheUnavailable checks for 'incrementalCache'/'unstable_cache' in the message) and falls back to an uncached call. Asks 'can this server accept a file at all?' ONCE, server-side, before the user picks one -- the old failure was 'Failed to upload file' after choosing a file and filling a form."
"B. Error contract","STORAGE_UNAVAILABLE_BANNER / _REASON","C:\ct\projexa\src\lib\file-limits.ts:26,29","Wording constants","Static","Upload screens; re-exported by storage-status.ts","Source code only","N/A","STORAGE_UNAVAILABLE_REASON = 'file storage not configured'. Lives in file-limits.ts because that module is import-safe from a client component, while storage-status.ts is server-only (it reaches veridian-client, which reads the DB and holds the org's Bearer key)."
"B. Error contract","Slow-load notice thresholds","C:\ct\projexa\src\lib\slow-load.ts","Constants + useElapsedMs hook","Per load","NO PRODUCTION CONSUMER -- grep finds only slow-load.test.ts","N/A","Returns null while inside budget. One interval per mount, cleared on unmount and on every restart, so a screen reloading twice does not race two timers.","VERIFIED UNUSED in src/. SLOW_LOAD_BUDGET_MS 3_000 (D-13, 'Still loading documents from VERIDIAN…'), ELAPSED_LOAD_BUDGET_MS 5_000 (D-29, appends '(12 s)'). Starts at 0 rather than reading the clock during render -- a render-body clock read differs between server and first client pass (hydration mismatch)."
"B. Error contract","Cross-navigation receipt (screen band)","C:\ct\projexa\src\lib\screen-message.ts","sessionStorage, prefix `veri.screen.message:`","Per tab; READ-AND-CLEAR (shown exactly once)","DocumentObjectClient, DocumentUploadClient, DrawingCreateClient, DrawingObjectClient, DrawingsClient, PermitCreateClient","setScreenMessage(key, {level, text})","Every access wrapped -- sessionStorage throws outright in some privacy modes; a lost receipt must never take the screen down. A corrupted entry returns null rather than rendering '[object Object]'.","sessionStorage, NOT a query parameter: acceptance checks the landing URL exactly ('/permits?projectId=<id>') and a message is not part of a screen's address -- it must not survive a reload, a bookmark or a shared link. Levels: error|warning|success|info."
"B. Error contract","Cross-navigation receipt (footer band)","C:\ct\projexa\src\lib\footer-message.ts","sessionStorage, prefix `veri.footer.`, keyed by the DESTINATION route","Per tab; taken exactly once, then stays on screen while the component is mounted","FooterMessageBanner.tsx, ScheduleImportClient.tsx","setFooterMessage(route, message); clearFooterMessage(route) when a flow is abandoned","Every accessor try/catch'd; a blocked receipt degrades to 'no message', never a crashed screen. An unrecognised level defaults to 'success'.","A toast is wrong twice over: the kit's MessageArea says 'toasts vanish; errors must persist until resolved', and a toast fired before router.push() races the navigation. Example: an import finishing on /scope/import must show 'BOQ Fit-out v1 created - 128 lines, AED 1,254,300' on /scope/<newId>."
"B. Error contract","ApiError + fetchJson","C:\ct\projexa\src\lib\fetch-json.ts","Error class carrying .status","Per call","~63 client call sites; read-outcome.ts listOutcomeFromError()","fetchJson()","res.ok is read before the body. Parses defensively -- a proxy 502 or an HTML error page is not JSON, and a parse failure must not mask the status.","Kills R48_HTTP_ERROR_SWALLOWED_AS_EMPTY_LIST_01: 63 call sites across ~30 client components did `const data = await res.json(); setThings(data.things ?? [])` -- an error body parsed fine, data.things was undefined, and `?? []` turned a failed request into an empty list. The surrounding try/catch could not save it: catch only fires on network or JSON-parse failure, never on an HTTP status."
"C. Server memory","Workspace Memory capsule export","C:\ct\ct\src\lib\services\workspace-memory-service.ts:87","Portable .mv2 memvid capsule written to Supabase Storage","Per (org, user); signed URL TTL 300 s","GET /api/workspace-memory/latest, drive-export route","exportWorkspaceMemory(ctx, request, {syncMethod})","Throws ServiceError (re-exported from compliance-service.ts -- it used to define its own identical class, the same instanceof footgun sales-engine-service.ts already fixed).","Contains ONLY the acting user's own saved report definitions and their own recent AI-thread dialogue -- never another user's data, never a live re-query of underlying compliance/financial records. Bucket 'compliance-documents'. Caps: MAX_CONVERSATIONS 20, MAX_MESSAGES_PER_CONVERSATION 200. Returns itemCounts {savedReports, conversations, messages}."
"C. Server memory","Workspace Memory capsule import","C:\ct\ct\src\lib\services\workspace-memory-service.ts:270","Reads a .mv2 into saved reports; conversations parsed for COUNT only","Per (org, user), explicit user action only","POST /api/workspace-memory/import and /drive-import (both funnel here -- SEC-04: one import code path per transport)","importWorkspaceMemory(ctx, fileBytes, request, {syncMethod})","MAX_IMPORT_SIZE_BYTES 25 MB -> ServiceError 400. NEVER overwrites: saved reports are ADDED, never updated.","Conversations are deliberately NOT reinjected into the live conversations/messages tables -- that model has participant/FK/RLS semantics a capsule does not carry, and silently resurrecting old AI history is exactly the silent-corruption risk SEC-04 exists to prevent. The uploaded capsule is preserved at objectPath so nothing is lost; there is no in-app viewer for it (disclosed gap)."
"C. Server memory","@memvid/sdk telemetry kill-switch","C:\ct\ct\src\lib\services\workspace-memory-service.ts:45","process.env.MEMVID_TELEMETRY = '0' at module scope","Process lifetime","The SDK, at call time","This module (the only file in the codebase importing @memvid/sdk)","N/A","The SDK phones home a path-hash + command-name event on every operation by default. Set at module load, not per-call, because the SDK reads it at call time. The SDK is lazily imported inside the two functions that need it (heavy install-time dependency tree); next.config.ts's serverExternalPackages keeps it out of unrelated bundles. Uses core non-AI API only -- no .ask(), no adapters, no embeddings."
"C. Server memory","workspace_memory_capsule_events table","C:\ct\ct\src\lib\db\schema.ts:12490","Postgres table in the `compliance` schema","Persistent, per (org, user)","GET /api/workspace-memory (history list), /latest","exportWorkspaceMemory / importWorkspaceMemory","status 'completed' | 'failed', with errorMessage.","Columns: id, orgId, userId, direction ('export'|'import'), storageObjectPath, fileSizeBytes, itemCounts (jsonb, COUNTS ONLY -- never the capsule's content, which lives solely in the .mv2), status, errorMessage, syncMethod ('manual'|'google_drive'|'veridian_pull'|null; null = pre-wave rows, deliberately not backfilled), createdAt."
"C. Server memory","Workspace Memory HTTP surface (6 routes)","C:\ct\ct\src\app\api\workspace-memory\{route,latest,export,import,drive-export,drive-import}\route.ts","Next route handlers","Per request","Settings > Workspace Memory UI","N/A","All six call requireAuth() first; export/import/drive-* also call requireRole(). No API-key path on export -- it is a personal action, not a server-to-server integration.","GET / lists this user's own past events. GET /latest returns a fresh signed URL to the caller's OWN most recent export (Option 3, 'veridian_pull' -- a query plus a signed URL, no new sync mechanism). POST /export, /import (file picker + button, never silent). POST /drive-export, /drive-import (Option 2)."
"C. Server memory","Google Drive capsule sync","C:\ct\ct\src\lib\services\workspace-memory-drive-sync.ts","Files in a Drive folder named 'VERIDIAN Workspace Memory'","Per user's connected Drive account","downloadLatestCapsuleFromDrive() -> the same importWorkspaceMemory()","uploadCapsuleToDrive() after the SAME exportWorkspaceMemory() Option 1 uses (no second export code path)","If Drive upload fails, the capsule is STILL safely stored in Supabase (the local export already succeeded) -- the error response makes that distinction explicit rather than implying total failure.","requireActiveDriveConnection(ctx) gates it; ensureDriveSyncFolder() creates the folder."
"C. Server memory","Assistant semantic memory (pgvector)","C:\ct\ct\src\lib\services\assistant-memory-service.ts","compliance.assistant_memories rows with an `embedding` vector column","Durable, cross-session, temporally versioned","task-execution-engine.ts:2166 (searchAssistantMemories before an LLM call)","task-execution-engine.ts:2440 (recordAssistantMemory with category 'task_outcome')","RELEVANCE_THRESHOLD 0.5 -- matches at or below cosine score 0.5 are filtered out. Default limit 5.","Raw SQL, not Drizzle: pgvector columns are not representable in Drizzle. Query is `1 - (embedding <=> $vec::vector) as score` with `WHERE valid_until IS NULL`, honouring the Wave 22 temporal-versioning design (validUntil set = superseded) -- this is that column's FIRST real consumer. Callers pass an already-open tenant-scoped tx so it composes inside an existing withTenantContext block."
"C. Server memory","Memory tier registry (ARTICLE-050 contract)","C:\ct\ct\src\lib\services\memory-tier-registry.ts","Declarative MemoryTierEntry[] metadata","Static","classifyMemoryTier(table), tablesForTier(tier); future audits/lint rules","Source code only","classifyMemoryTier returns null for an unclassified table.","OPERATIONAL: messages, conversations, activity_log, assistant_sessions (appended or mutated in place; no supersession semantics). LONG_TERM_KNOWLEDGE: assistant_memories, task_capabilities, instruction_packages, platform_assets (each carries a real lifecycle field -- validFrom/validUntil, a version counter, or an approved/status field). The separation already existed architecturally but was never DECLARED, so nothing could check it mechanically."
"D. Offline capture","Per-user IndexedDB work-progress queue","C:\ct\projexa\src\lib\offline\work-progress-queue.ts","idb-keyval store, DB name `projexa-offline-work-progress::<scope>`, object store 'queue'","Persistent on the device, scoped to ONE Supabase auth user id","WorkProgressFormClient.tsx (listQueuedWorkProgressEntries)","enqueueWorkProgressEntry(scope, entry)","Every function REQUIRES an explicit `scope`; there is no fallback 'unscoped' store.","Post-audit fix (PR #54): it used to be a single global createStore('projexa-offline') shared by the whole browser origin, so on a handed-off field tablet a second user would see and auto-sync the FIRST user's queued entries -- POST /api/work-progress attributes the sync to whoever's session cookie is active at sync time, not to any per-entry field. Another user's entries now live in a never-referenced store."
"D. Offline capture","QueuedWorkProgressEntry shape","C:\ct\projexa\src\lib\offline\work-progress-queue.ts:60-88","IndexedDB record","Until synced or manually removed","listQueuedWorkProgressEntries()","enqueue + patchEntry()","boqLineItemId and entryBasis are OPTIONAL on purpose -- entries queued by an older build already sit in real browsers without them and must still sync rather than throw.","Fields: localId (`local-<uuid>`), projectId, activityId, entryDate, quantityDone, percentComplete, boqLineItemId?, entryBasis? ('DELTA'|'SNAPSHOT'), remarks?, photo?, status, error?, attempts, queuedAt. R47 fault: boqLineItemId and entryBasis were sitting in IndexedDB the whole time and were simply never POSTed -- every offline entry synced with a NULL BOQ link (earning nothing, silently) and a defaulted basis, which for a SNAPSHOT entry CORRUPTS the running total (M25: quantity SUMS, percent REPLACES)."
"D. Offline capture","Queue status vocabulary + retry cap","C:\ct\projexa\src\lib\offline\work-progress-queue.ts:57-88","status: 'pending'|'syncing'|'error'|'failed'; MAX_SYNC_ATTEMPTS = 5","Per entry","The drain loop's filter","patchEntry() on each failure, incrementing attempts","'error' has failed fewer than 5 times and IS retried on the next sync. 'failed' has hit the cap and is PERMANENTLY excluded from automatic retries (e.g. its activityId was deleted server-side -- retrying forever against a real 4xx wastes every future `online` event).","The drain filters out both 'syncing' and 'failed' before it starts."
"D. Offline capture","Sync mutex (syncLocks)","C:\ct\projexa\src\lib\offline\work-progress-queue.ts:157-170","Module Map<scope, Promise<{synced,failed}>>","Duration of one drain","syncQueuedWorkProgressEntries()","Same function; cleared in .finally()","A GENUINE mutex, not a best-effort status flag: the lock is written SYNCHRONOUSLY, before the async body reaches its first await, so a second call made immediately after the first (e.g. from Promise.all) is guaranteed to observe it and reuse the in-flight promise.","Prevents double-POSTing when a component remount races the 'online' event, or a flaky connection fires 'online' more than once."
"D. Offline capture","Replay against the real route","C:\ct\projexa\src\lib\offline\work-progress-queue.ts:172-230","POST /api/work-progress per entry, serially","Per drain","N/A","syncQueuedWorkProgressEntries(scope, onEvent)","Success -> removeQueuedWorkProgressEntry + synced++. Failure -> status 'error' or 'failed', error message kept, attempts++, failed++. onEvent emits SyncEvent {localId, phase: syncing|synced|error|failed}.","'Always queue, sync opportunistically' -- there is no separate offline-only code path, so the online and offline flows share one implementation. Body sends projectId, activityId, boqLineItemId, entryBasis, entryDate, quantityDone, percentComplete, remarks."
"D. Offline capture","Photo blobs (capture + deferred upload)","C:\ct\projexa\src\lib\offline\work-progress-queue.ts:52,131-150","Blob stored natively in IndexedDB (structured-cloneable, no base64)","Until its entry syncs","uploadQueuedPhoto(veridianEntryId, photo)","The form, at enqueue time","Deliberately best-effort and OUTSIDE the main sync try/catch: a photo upload failure must not resurrect an already-synced entry (flip it back to 'error'/retry) or change the synced/failed counters. Failure is console.warn'd only.","Uploads to POST /api/work-progress/photos (Supabase Storage-backed, drizzle/0013) as multipart FormData. R42 seq22: this was module-private, so the ONLINE immediate-submit path never called it at all -- a photo attached while online was SILENTLY DROPPED and only ever uploaded via the offline path. Now exported and called by both."
"D. Offline capture","Form wiring: scope resolution + online listener","C:\ct\projexa\src\components\WorkProgressFormClient.tsx:144-158, 320-341, 414-420","React state: scope (auth user id), queued[]","Per mount","The queued-entry list UI","createClient().auth.getUser() sets scope; queueOnDevice() enqueues","If scope is still null, queueOnDevice() refuses with 'Still verifying your session -- try again in a moment' rather than writing to an unscoped store. On mount and on every window 'online' event it runs the drain (guarded by navigator.onLine) and toasts 'Synced N queued entries' when synced > 0.","queueOnDevice(reason) clears the form 'as if it had landed' and shows an info-level message. A queued photo is shown as 'saved on this device'."
"E. Localization","English message catalogue","C:\ct\projexa\messages\en.json","JSON message tree","Build-time asset","loadMessages('en') via dynamic import","Source file","N/A","21,994 bytes, 322 leaf keys. Top-level namespaces: Nav, Auth, Marketing. Marketing subtree: header, hero, problem, solution, system, moduleCatalog, copilot, value, roi, selfCoordination, finalCta, contactForm, footer, howItWorks."
"E. Localization","Hindi message catalogue","C:\ct\projexa\messages\hi.json","JSON message tree","Build-time asset","loadMessages('hi')","Source file","N/A","39,756 bytes -- 1.8x English, because Devanagari is multi-byte in UTF-8, not because it has more content: BOTH files have exactly 322 leaf keys and identical namespace structure. A COMPLETE shipped translation, including the whole Marketing tree."
"E. Localization","Locale vocabulary (leaf module, zero imports)","C:\ct\projexa\src\i18n\locales.ts","Constants + pure resolvers","Static","src\middleware.ts (Edge), src\lib\public-page-cache.ts, src\i18n\request.ts, marketing-locale.ts","Source code only","isSupportedLocale() narrows; resolveLocale(undefined) -> DEFAULT_LOCALE.","SUPPORTED_LOCALES = ['en','hi'], DEFAULT_LOCALE = 'en', LOCALE_COOKIE = 'NEXT_LOCALE'. Imports NOTHING by design, so it is safe from middleware, a Server Component, and bun test alike. Replaces a hand-synced copy that lived in both request.ts and middleware.ts."
"E. Localization","localeFromAcceptLanguage","C:\ct\projexa\src\i18n\locales.ts:42","Pure header parser","Per first visit","src\middleware.ts resolveLocale()","N/A","Returns null when the header names no supported locale.","First tag's PRIMARY SUBTAG only, no q-value weighting -- e.g. 'hi-IN,hi;q=0.9,en;q=0.8' -> 'hi'. A full negotiation algorithm is more than a first-visit default needs."
"E. Localization","Catalogue loader","C:\ct\projexa\src\i18n\messages.ts","Dynamic import of ../../messages/<locale>.json","Per render","request.ts getRequestConfig, MarketingLocaleProvider, tests","N/A","UNKNOWN (a missing locale file would throw at import)","Deliberately still a DYNAMIC import: a static `import hi from '../../messages/hi.json'` would pull BOTH catalogues into every server bundle touching this module."
"E. Localization","Client message namespace allow-list","C:\ct\projexa\src\i18n\client-messages.ts","CLIENT_MESSAGE_NAMESPACES const + pickClientMessages()","Static; serialised into the RSC payload","src\app\layout.tsx -> NextIntlClientProvider","Source code only","A namespace that does not exist in the catalogue is SKIPPED rather than throwing -- a missing translation must not take a page down.","R67 J-03 / audit R-280: layout.tsx handed getMessages() -- the ENTIRE catalogue -- to the client provider, so all 21,725 bytes of en.json (39,342 of hi.json) shipped on every page load, including two marketing pages the audit measured at 826 KB first-load JS. Almost none was reachable: Server Components use getTranslations() and never touch the provider. The five real namespaces: Auth.login, Auth.signup, Marketing.contactForm, Marketing.header, Nav. The test regenerates the list from the filesystem in BOTH directions."
"E. Localization","next-intl request config","C:\ct\projexa\src\i18n\request.ts","getRequestConfig; reads NEXT_LOCALE via next/headers cookies()","Per render, cached by next-intl per locale argument","Every getTranslations()/getMessages() call","N/A","resolveRequestLocale(requested, readCookie) honours an EXPLICIT locale first and never reads the cookie for it -- on a force-static route reading one is pointless, and on a dynamic route it would be a request-time read the caller did not ask for.","The authenticated app does NOT do URL-prefix locale routing: locale comes purely from the cookie, with no URL involvement, because [locale]/dashboard would rewrite every path middleware's page-access check matches against."
"E. Localization","NEXT_LOCALE cookie","C:\ct\projexa\src\middleware.ts:44-66","HTTP cookie","path=/, maxAge 31,536,000 s (1 year), sameSite=lax","request.ts readLocaleCookie(); middleware resolveLocale()","withLocaleCookie() -- ONLY when the incoming request did not already have one (real first-visit detection, not a per-request refresh)","NEVER applied to a cacheable public route -- those no longer vary by it.","Resolution order: cookie -> Accept-Language first subtag -> DEFAULT_LOCALE. Applied to whichever response the middleware returns (redirect or pass-through) so detection works on every branch."
"E. Localization","Parallel Hindi marketing route tree","C:\ct\projexa\src\app\hi\page.tsx and C:\ct\projexa\src\app\hi\how-it-works\page.tsx","Prerendered static documents","`dynamic = ""force-static""`, `revalidate = 3600`","Public visitors, via a middleware REWRITE","Build time; every string from messages/hi.json including generateMetadata()","Under force-static Next hands the page an EMPTY cookie store, so next-intl resolves the default locale no matter what NEXT_LOCALE says -- one cached document cannot vary by cookie.","A REWRITE, never a redirect: the canonical URL stays '/' for everyone, and the rewrite target is what a CDN keys its cache on. The first cut of J-01 accepted English-for-everyone, which SILENTLY RETIRED the complete shipped Hindi translation on the only two pages an unauthenticated prospect ever sees."
"E. Localization","MarketingLocaleProps -- the explicit-locale rule","C:\ct\projexa\src\components\marketing\marketing-locale.ts","Prop type contract","Per render","Every marketing Server Component (must pass {locale} to getTranslations)","Source code only","marketing-locale.test.ts regenerates the rule from the filesystem: a marketing component calling getTranslations() without an explicit locale FAILS the suite.","Not a style preference. next-intl caches its config PER LOCALE ARGUMENT, and layout.tsx renders first, already asking for the ambient locale -- so by the time the /hi page's children run the ambient entry is resolved to the default and setRequestLocale() cannot change it. Without an explicit locale the Hindi document renders in ENGLISH while looking translated in the source."
"E. Localization","MARKETING_ROUTES locale map","C:\ct\projexa\src\lib\public-page-cache.ts:34","const satisfies Record<string, Record<SupportedLocale, string>>","Static","src\middleware.ts localisedMarketingPath()","Source code only","The `satisfies` clause is a real guard: adding a third locale to SUPPORTED_LOCALES fails the typecheck here until that locale has a document, rather than silently serving it English.","'/' -> {en:'/', hi:'/hi'}; '/how-it-works' -> {en:'/how-it-works', hi:'/hi/how-it-works'}. LANDING_ROUTES is derived from the '/' entry."
