"Area","Step_Or_Surface","File_Path","Trigger","Behaviour","Failure_Mode","Gap_Or_Risk"
"A - Provisioning","Step 1: Signup form submit (orgName + email + password)","C:\ct\projexa\src\app\signup\page.tsx","User submits the signup form at /signup","handleSubmit() calls supabase.auth.signUp({email,password,options:{emailRedirectTo:`${window.location.origin}/auth/callback`}}). Password minLength=6 enforced client-side only via the Input attribute.","signUpError renders inline via setError(signUpError.message); loading resets, no retry, no logging.","Password policy is a client-side minLength=6 only; no strength/complexity rule is enforced in this file. orgName is not validated beyond HTML `required`."
"A - Provisioning","Step 1a: emailRedirectTo must point at /auth/callback","C:\ct\projexa\src\app\signup\page.tsx","Supabase sends the confirmation email","R48_SIGNUP_UNCOMPLETABLE_01 comment: without emailRedirectTo the link falls back to the Supabase project's Site URL and the credential is dropped silently.","If the Supabase redirect allowlist does not contain the deployment origin, Supabase rejects the redirect and the user lands nowhere useful.","The allowlist is Supabase-project config, not in this repo. UNKNOWN whether production origins are allowlisted. Not verifiable from the codebase."
"A - Provisioning","Step 1b: No-session branch (email confirmation required)","C:\ct\projexa\src\app\signup\page.tsx","supabase.auth.signUp() returns data.session === null","Stashes the org name in browser localStorage under key `projexa_pending_org_name`, shows a 'check your email' card, and defers all org creation.","If the user confirms on a different device/browser, or clears site data, or uses private browsing, the pending org name is gone forever.","HIGH: org identity is carried in localStorage, not server state. A user who confirms email on their phone gets an authenticated account with NO organization and no way to name one - every API route then answers 'No organization'."
"A - Provisioning","Step 2: POST /api/org/provision - the only place PROJEXA creates an org row","C:\ct\projexa\src\app\api\org\provision\route.ts","fetch('/api/org/provision',{method:'POST',body:{orgName}}) from signup, login, or auth/callback","Wrapped in withTiming('POST'). Requires body.orgName (trimmed, non-empty) else 400 'orgName is required'.","Missing/blank orgName -> 400. Malformed JSON -> req.json().catch(()=>null) -> orgName undefined -> 400.","No length cap, no uniqueness check, and no character validation on orgName beyond trim."
"A - Provisioning","Step 2a: Caller authentication","C:\ct\projexa\src\app\api\org\provision\route.ts","Any POST to /api/org/provision","createClient() + getClaimsWithRetry(supabase); userId = data.claims.sub. No requireAuth()/requireRole() - the caller by definition has no org yet.","error || !data?.claims -> 401 Unauthorized.","Any authenticated Supabase user can provision an org and thereby mint a real VERIDIAN tenant. No rate limit on the PROJEXA side (only the backend's per-application 20/min)."
"A - Provisioning","Step 2b: Idempotency guard (memberships lookup)","C:\ct\projexa\src\app\api\org\provision\route.ts","User already has any memberships row","Returns {organizationId, alreadyProvisioned:true, veridianConnected:<bool>} and, when veridianConnected is false, adds {repairRequired:true, repairPath:'/api/org/repair'}.","R48 UAT note in-file: this used to answer a flat alreadyProvisioned:true, which hid the half-provisioned state entirely.","Guard is 'has ANY membership', not 'has a membership in a healthy org'. An invitee who accepted an invite into someone else's org can never provision their own."
"A - Provisioning","Step 3: provisionVeridianOrg() - platform key precondition","C:\ct\projexa\src\lib\veridian-client.ts","provision or repair route calls provisionVeridianOrg()","Reads process.env.VERIDIAN_PLATFORM_APPLICATION_KEY. If unset, throws VeridianApiError('VERIDIAN_PLATFORM_APPLICATION_KEY is not configured -- cannot provision a new VERIDIAN org for this signup', 500).","Every signup fails with a 500-derived message; no PROJEXA rows are written (ordering is VERIDIAN-first by design).","Single env var is a hard single point of failure for ALL customer onboarding. Its absence is only discoverable at signup time - no startup check, no health endpoint reads it."
"A - Provisioning","Step 3a: provisionVeridianOrg() - request shape","C:\ct\projexa\src\lib\veridian-client.ts","customerOrgName present","POST to `${VERIDIAN_API_ROOT}/platform/provision-org` with Authorization: Bearer <platformKey>, Content-Type: application/json, cache:'no-store'. Body: {customerOrgName, country?, primaryCurrency?} - optional keys omitted entirely when absent.","!res.ok -> throwForResponse(res, durationMs). Response missing organisationId or apiKey -> VeridianApiError('VERIDIAN provision-org returned an unexpected response shape', 502).","VERIDIAN_API_ROOT is derived by stripping '/projexa' from VERIDIAN_API_BASE_URL, which defaults to a hardcoded https://veridian-compliance-ai.vercel.app/... - a misconfigured base URL silently retargets provisioning."
"A - Provisioning","Step 3b: Transport budget applied to provisioning","C:\ct\projexa\src\lib\veridian-client.ts","fetchWithTimeout() used by provisionVeridianOrg()","VERIDIAN_FETCH_TIMEOUT_MS = 8_000; VERIDIAN_TOTAL_BUDGET_MS = 9_000. Explicit AbortController + setTimeout (NOT AbortSignal.timeout(), which never fires on Bun 1.3.14 Windows per the file header).","Timeout -> VeridianApiError code UPSTREAM_TIMEOUT. Connection failure (ECONNRESET/ECONNREFUSED/ENOTFOUND) -> code NETWORK, 502, 'Couldn''t reach the construction data service. Please retry.'","Org provisioning shares the same 8s budget as ordinary reads even though it does far more work upstream (org + department + fiscal year + accounts + branch enablement + key mint). A slow-but-successful upstream provision can time out on the PROJEXA side, orphaning a real VERIDIAN org."
"A - Provisioning","Step 4: Backend auth - platform application key","C:\ct\ct\src\lib\supabase\platform-application-auth.ts","POST /api/v1/platform/provision-org arrives with Authorization header","validatePlatformApplicationKey(): requires 'Bearer ' prefix AND token starting with 'pk_'; hashSHA256(token) looked up against platformApplications.keyHash on the raw RLS-bypassing db client; row must exist and isActive.","Any failure returns {status:'invalid'} -> route answers 401 Unauthorized with no detail.","Deliberately disjoint from customer vk_ keys. No key expiry, no rotation mechanism, and no last-used tracking visible in this file - a leaked pk_ key is valid until someone flips isActive."
"A - Provisioning","Step 4a: Backend rate limit on provisioning","C:\ct\ct\src\app\api\v1\platform\provision-org\route.ts","Authenticated platform application POSTs repeatedly","PROVISION_MAX_PER_WINDOW=20, PROVISION_WINDOW_MS=60_000, tracked in an in-process Map keyed by platformApp.id.","Over limit -> 429 with Retry-After: 60.","In-process and per-warm-instance by the file's own admission ('on serverless it bounds a single warm instance rather than the fleet'). Not a real global quota; a burst signup wave across instances is unbounded."
"A - Provisioning","Step 4b: Backend body validation and defaults","C:\ct\ct\src\app\api\v1\platform\provision-org\route.ts","Request body parsed","customerOrgName required (trimmed string) else 400. country defaults to 'IN'; primaryCurrency defaults to 'INR'.","Invalid JSON -> 400 'Invalid JSON body'. Blank customerOrgName -> 400.","PROJEXA's /api/org/provision NEVER sends country or primaryCurrency (it passes only customerOrgName). So every org created via signup is stamped country='IN'/currency='INR' regardless of the customer's actual country - the exact defect org-provisioning-service.ts documents as live in production (UAE entities given Indian GST/TDS)."
"A - Provisioning","Step 4c: Product-branch catalog resolution","C:\ct\ct\src\app\api\v1\platform\provision-org\route.ts","Provisioning proceeds past validation","Looks up productBranches by branchKey === platformApp.applicationKey; if absent, INSERTs a new row {branchKey, displayName, domain, status:'live'} on the raw db client.","UNKNOWN - no explicit catch around this lookup/insert other than the outer try.","A typo'd or renamed applicationKey silently creates a brand-new product branch rather than failing, so orgs can be tagged to a branch nobody intended."
"A - Provisioning","Step 4d: provisionOrganisation() - org + department + branches","C:\ct\ct\src\lib\services\org-provisioning-service.ts","Called by provision-org route","Creates the organisation + default 'General' department + the 2 free branches (veri_reward, veri_chat_v2). Slug uniqueness loop runs on getProvisioningDb() (elevated), NOT `db`, because compliance.organisations has FORCED RLS and app_runtime outside tenant context matches no rows. Gives up after 20 collision attempts.","Attempt>20 -> breaks out and the INSERT then hits the unique constraint -> unhandled 500. Documented real production failure 2026-08-26 (slug=meridian-interiors-llc).","Two customers with similar names still collide after 20 tries. Plan is hardcoded 'free' with a $20/mo AI cost cap (defaultMonthlyCostCapUsdForPlan) - there is no paid-signup path at all."
"A - Provisioning","Step 4e: Required product-branch enablement for PROJEXA","C:\ct\ct\src\app\api\v1\platform\provision-org\route.ts","applicationKey === 'projexa'","REQUIRED_BRANCHES_BY_APPLICATION.projexa = ['construction','erp','sales','hr']. Inserted into orgProductBranchEnablements under withTenantContext({orgId}).","Wrapped in its own try/catch and explicitly NON-FATAL: console.warn(...'(non-fatal)') and provisioning continues.","HIGH: a silent branch-enablement failure yields a signup that reports 201 success but whose new org 502s across Vendors, Materials, Accounting, Invoices, Payroll, Budgets, Sales Dashboard, Leads, Customers, Opportunities, Quotations and Sales Orders (requireErpEnabled/requireSalesEnabled). Nothing surfaces this to the customer or to PROJEXA."
"A - Provisioning","Step 4f: Minting the per-org vk_ API key","C:\ct\ct\src\app\api\v1\platform\provision-org\route.ts","Org created successfully","generateApiKey() + hashSHA256() + keyPrefix = rawKey.substring(0,8)+'...'. Inserted into apiKeys under withTenantContext({orgId}) with name `${displayName} (provisioned)`, scopes 'read,write', isActive true, issuedForApplicationId set.","UNKNOWN - a failure here falls to the outer catch -> generic 500, after the org already exists.","The FULL key is returned ONLY in this 201 response and is never retrievable again. If PROJEXA's step 3 (credentials insert) then fails, that key is lost and the VERIDIAN org is unreachable - recovery requires provisioning an entirely new org via /api/org/repair."
"A - Provisioning","Step 4g: Backend success + configuration-failure responses","C:\ct\ct\src\app\api\v1\platform\provision-org\route.ts","Provisioning completes or throws","201 {organisationId, apiKey}. On error containing 'Organisation provisioning needs an elevated connection' -> 503 naming the missing env vars (PROVISIONING_DATABASE_URL, or NEXT_PUBLIC_SUPABASE_URL + SUPABASE_DB_PASSWORD). All other errors -> 500 'Failed to provision organisation'.","Generic 500 for every non-configuration failure; the real cause only reaches console.error.","R53/R48_ORG_PROVISION_RLS_BLOCKED_01 in-file: this exact class of failure previously looked like 'a mystery outage for days'. Only the one configuration case is now named; every other cause is still opaque to the operator."
"A - Provisioning","Step 5: PROJEXA org row insert (ordering is deliberate)","C:\ct\projexa\src\app\api\org\provision\route.ts","provisionVeridianOrg() returned 201","supabase.from('organizations').insert({name:orgName, slug:`${slugify(orgName)}-${Math.random().toString(36).slice(2,7)}`}) using the CALLER'S OWN session (RLS policies from drizzle/0003_signup_insert_policies.sql).","orgError -> console.error naming the orphaned VERIDIAN org id, then 500 with orgError.message.","Documented tradeoff in-file: a failure here leaves one orphaned VERIDIAN org with nothing pointing at it. There is no reconciliation job that finds or reclaims those orgs."
"A - Provisioning","Step 6: Membership insert (role: owner)","C:\ct\projexa\src\app\api\org\provision\route.ts","Org row created","supabase.from('memberships').insert({user_id:userId, organization_id:org.id, role:'owner'}).","membershipError -> console.error naming both org ids, then 500 with membershipError.message.","Steps 5 and 6 are not transactional. A failure here leaves an organizations row with NO members - unreachable by anyone, and /api/org/repair cannot fix it (repair requires ctx.organizationId from a membership)."
"A - Provisioning","Step 7: veridian_credentials insert (the fragile step)","C:\ct\projexa\src\app\api\org\provision\route.ts","Membership created","db.insert(veridianCredentials).values({organizationId, veridianOrgId, veridianApiKey}) via Drizzle's DIRECT Postgres connection - NOT the RLS-governed Supabase client, because public.veridian_credentials is locked to service_role only.","Throws -> 500 'Your account was created but we couldn''t finish connecting it to your workspace. Please contact support.' console.error asks 'is DATABASE_URL/SUPABASE_DB_PASSWORD configured?'.","THE half-provisioned state. Org + membership exist, credentials do not, and /api/org/provision's idempotency guard means re-running it can never fix this. In-file: 'the R48 demo tenant is in exactly this state ... veridian_credentials rows = 0'."
"A - Provisioning","Step 7a: Drizzle connection string resolution","C:\ct\projexa\src\lib\db\index.ts","First use of `db` (lazy Proxy)","Prefers DATABASE_URL; else builds postgresql://postgres.<ref>:<SUPABASE_DB_PASSWORD>@aws-1-ap-south-1.pooler.supabase.com:6543/postgres from NEXT_PUBLIC_SUPABASE_URL. postgres({prepare:false, ssl:{rejectUnauthorized:false}, max:1}).","Neither available -> throws 'No database connection string available. Set DATABASE_URL or NEXT_PUBLIC_SUPABASE_URL + SUPABASE_DB_PASSWORD.'","ssl:{rejectUnauthorized:false} disables certificate verification on the connection carrying every tenant's VERIDIAN API key. max:1 connection per instance is also a throughput ceiling on every credential lookup."
"A - Provisioning","Step 8: 201 success response","C:\ct\projexa\src\app\api\org\provision\route.ts","All three steps succeeded","NextResponse.json({organizationId: org.id}, {status:201}). The VERIDIAN API key is deliberately never returned to the browser.","N/A","Caller (signup page) only checks res.ok, then router.push('/dashboard'). It does not verify veridianConnected on the success path."
"A - Provisioning","Table: public.veridian_credentials (definition)","C:\ct\projexa\src\lib\db\schema.ts","Schema definition, line 43","One row per PROJEXA org. organizationId uuid PRIMARY KEY -> organizations.id ON DELETE CASCADE; veridianOrgId text NOT NULL UNIQUE; veridianApiKey text NOT NULL; createdAt/updatedAt timestamptz NOT NULL DEFAULT now().","N/A","veridian_api_key is stored in PLAINTEXT text - not hashed, not encrypted at rest by the application. A read of this one table yields every tenant's live VERIDIAN credential."
"A - Provisioning","Table: public.veridian_credentials (creation + RLS)","C:\ct\projexa\drizzle\0001_projexa_tenant_schema.sql","Migration 0001, lines 26-49","CREATE TABLE ... ; ALTER TABLE public.veridian_credentials ENABLE ROW LEVEL SECURITY. Explicit comment: 'No policies on veridian_credentials for anon/authenticated: it is readable only by the service_role key from trusted server code.'","N/A","Stated intent (service_role) and actual access path diverge: veridian-client.ts reads it through Drizzle's direct postgres superuser-class connection built from SUPABASE_DB_PASSWORD, which bypasses RLS entirely rather than using service_role. RLS-with-no-policies is doing no work on that path."
"A - Provisioning","Table hardening: veridian_org_id UNIQUE","C:\ct\projexa\drizzle\0016_veridian_org_id_unique.sql","Migration 0016, applied 2026-08-27","ALTER TABLE public.veridian_credentials ADD CONSTRAINT veridian_credentials_veridian_org_id_unique UNIQUE (veridian_org_id). Verified 0 violations before applying.","A duplicate write now fails on the constraint instead of silently succeeding.","In-file: without it, a race in /api/org/repair or /api/org/provision writing the same veridian_org_id for two PROJEXA orgs 'WOULD be a genuine cross-tenant leak' - compliance-tracker only ever sees veridian_org_id and has no visibility into PROJEXA's organization_id space."
"A - Provisioning","Key resolution: getVeridianApiKey(organizationId)","C:\ct\projexa\src\lib\veridian-client.ts","Any org-scoped VERIDIAN call, and both /api/org/repair branches","SELECT veridian_api_key FROM veridian_credentials WHERE organization_id = $1 LIMIT 1 via Drizzle. Returns row?.apiKey ?? null. NEVER throws.","On DB exception it console.errors and returns null - deliberately treating 'DB unreachable' identically to 'no row exists'.","A transient DATABASE_URL/pooler outage is indistinguishable from a genuinely unprovisioned org. Downstream that becomes the AR-04 hard failure below, so a blip presents to the customer as a permanent misconfiguration. It also makes /api/org/repair's GET report repairAvailable:true for a healthy org."
"A - Provisioning","Key resolution: resolveApiKey() priority order","C:\ct\projexa\src\lib\veridian-client.ts","Every callVeridian / callVeridianRaw / callVeridianBinary / callVeridianUpload","1) explicit options.apiKey wins; 2) else if options.organizationId -> getVeridianApiKey(); 3) else if process.env.VERIDIAN_API_KEY -> the shared key; else throws VeridianApiError('No VERIDIAN API key configured', 500).","N/A","An explicitly-passed options.apiKey bypasses the per-org lookup and the AR-04 guard entirely. Any call site that can supply an apiKey can act as an arbitrary tenant."
"A - Provisioning","AR-04 fail-loud guard (THE RULE)","C:\ct\projexa\src\lib\veridian-client.ts","organizationId WAS provided but getVeridianApiKey() returned null","THROWS VeridianApiError(`No VERIDIAN credentials configured for organization ${organizationId}, and per-org requests may not fall back to a shared key (AR-04)`, 500). It does NOT fall back to VERIDIAN_API_KEY.","Every single per-org VERIDIAN call for that org fails with a 500 - permanently, until credentials are supplied.","Correct security posture (falling back would be cross-tenant leak E-45), but the resulting UX is a totally dead product with a raw 500 message. This is the state a half-provisioned org lives in, and nothing in the authenticated app surfaces 'your workspace is not connected' to the user."
"A - Provisioning","Legacy shared-key path (organizationId omitted)","C:\ct\projexa\src\lib\veridian-client.ts","A call site that passes no organizationId at all","Falls through to process.env.VERIDIAN_API_KEY - the shared demo/sandbox key. File header: 'That shared key remains in use only as the key for calls that omit organizationId entirely (legacy call sites still being migrated).'","No error - the call succeeds against whatever tenant the shared key belongs to.","OPEN MIGRATION: the AR-04 guard is defeated by simply not passing organizationId. UNKNOWN how many call sites still omit it - the codebase states the migration is incomplete but does not enumerate the remainder."
"A - Provisioning","Cross-tenant cache hazard: createCachedVeridianGet()","C:\ct\projexa\src\lib\veridian-client.ts","Cached GETs for reference data (currencies, cost centers, fiscal years)","unstable_cache keyed on [cacheKey, path] PLUS organizationId as the wrapped function's sole argument - org-scoped two independent ways.","N/A","In-file warning: Next's ordinary fetch() cache keys on URL+method+body only, NOT headers - so adding `next:{revalidate}` to the shared fetch in fetchWithTimeout() 'would silently serve org A''s cached response to org B'. That is a live footgun for the next engineer who tries to speed up a VERIDIAN call."
"A - Provisioning","Repair: GET /api/org/repair (diagnosis)","C:\ct\projexa\src\app\api\org\repair\route.ts","Authenticated org owner/admin polls the endpoint","requireAuth() then requireRole(ctx, ROLE_GROUPS.ORG_ADMIN). Returns {organizationId, veridianConnected: apiKey!==null, repairAvailable: apiKey===null}. Boolean only - the key value is never returned. export const dynamic='force-dynamic'.","requireAuth failure -> ctx.response. Wrong role -> requireRole's 403.","Nothing in the app calls this automatically. The in-file rationale says it exists so a banner can distinguish 'not connected' from 'empty' - but no such banner was found wired to it. A broken org still looks merely empty."
"A - Provisioning","Repair: POST /api/org/repair (the only recovery path)","C:\ct\projexa\src\app\api\org\repair\route.ts","Owner/admin triggers repair on a half-provisioned org","Role-gated server-side. If getVeridianApiKey() already returns a key -> {repaired:false, alreadyHealthy:true} and changes NOTHING (never re-provisions, never rotates a live key). Otherwise reads organizations.name/.country and calls provisionVeridianOrg() with them.","Org read throws -> 503. Org row missing -> 409 'Your membership points at an organisation that no longer exists. This needs support, not a repair.' provisionVeridianOrg throws -> 502 or the VeridianApiError's own status.","Requires an OWNER/ADMIN to already be signed in. A single-owner org whose owner cannot sign in (see PART C) can never be repaired. Also: repair sends country but the ORIGINAL provision did not, so a repaired org can end up with different country/currency than a normally-provisioned one."
"A - Provisioning","Repair: race protection + post-write verification","C:\ct\projexa\src\app\api\org\repair\route.ts","Two admins repair simultaneously","db.insert(veridianCredentials)...onConflictDoNothing() (organization_id is the PK, so the second writer no-ops). Then re-reads via getVeridianApiKey() and refuses to report success if it comes back null.","Insert throws -> 500 'We connected your workspace but couldn''t save the connection.' Verification returns null -> 500 'We connected your workspace but couldn''t confirm it.'","The loser of the race leaves one orphaned VERIDIAN org (acknowledged in-file as an acceptable tradeoff). No cleanup exists for these."
"A - Provisioning","Resume path 1: deferred provisioning on login","C:\ct\projexa\src\app\login\page.tsx","User signs in with password and has NO memberships row","Reads window.localStorage 'projexa_pending_org_name'; if present, POSTs /api/org/provision and removes the key on success.","On !res.ok, sets the error inline and returns without navigating.","Only fires if the pending name survives in THIS browser's localStorage. If it is absent, the user is silently pushed to /dashboard with no organization at all and every API answers 'No organization' (400)."
"A - Provisioning","Resume path 2: deferred provisioning on the email-confirm callback","C:\ct\projexa\src\app\auth\callback\page.tsx","User clicks the emailed confirmation link","After establishing the session, reads 'projexa_pending_org_name' and POSTs /api/org/provision before navigating. In-file: without this block a confirming user 'arrives at /dashboard authenticated but with no organization at all'.","On failure shows 'Your email is confirmed, but we could not finish setting up your organisation. Sign in to retry.'","Same localStorage dependency. The confirmation link is usually opened in a mail client / different browser - precisely the case where localStorage is empty."
"A - Provisioning","Middleware exception that keeps the resume path reachable","C:\ct\projexa\src\middleware.ts","Authenticated user navigates to /login","Normally an authenticated visitor to /login or /signup is redirected to /dashboard. EXCEPTION: for /login only, middleware first looks up memberships; if none, it lets the request through so login/page.tsx's resume logic can run. /signup gets no such exception.","N/A","Correct and load-bearing - but it means an authenticated user with no org can never reach /signup to name one. Their ONLY route is /login plus surviving localStorage."
"A - Provisioning","Error vocabulary for upstream failures","C:\ct\projexa\src\lib\veridian-client.ts","Any VERIDIAN call including provisioning","Closed set VeridianErrorCode = UPSTREAM_TIMEOUT | UPSTREAM_500 | STORAGE_UNAVAILABLE | NETWORK. `code` is null for 4xx and for local config errors thrown by resolveApiKey(). VeridianApiError carries message (user-safe), detail (server-only), ruleCode, missing, body, durationMs.","N/A","AR-04's throw carries code=null and status 500, so downstream retry logic (RETRYABLE_CODES in veridian-response.ts) cannot distinguish 'this org is unprovisioned forever' from a generic server error."
"B - Unauth surface","Gate design: deny-by-default page access","C:\ct\projexa\src\lib\authz\page-access.ts","Every non-/api, non-asset page request via middleware","requiresAuthenticatedPage() returns false for /api/*, for any path whose last segment contains a '.', and for the public set. PUBLIC_PAGE_PATHS = {'/','/hi','/how-it-works','/hi/how-it-works','/login','/signup'}. PUBLIC_PAGE_PREFIXES = ['/auth/','/invite/','/share/','/shared/'].","Forgetting an entry fails CLOSED (page redirects to /login) rather than open. page-access.test.ts regenerates both sets from the filesystem.","Replaced a hand-written PROTECTED_PREFIXES allowlist under which 'roughly half the navigable product sat outside the gate' - including /copilot, listed under the stale name /ai-copilot. In-file: 'this is a GATE, not a data boundary'."
"B - Unauth surface","Public page 1: / (English marketing landing)","C:\ct\projexa\src\app\page.tsx","Unauthenticated visit to /","export const dynamic='force-static'; revalidate=3600. Renders <LandingPage locale=""en"" />. Zero request-time reads - the logged-in redirect moved to middleware (R67 J-01 / audit R-246).","Authenticated visitors are redirected to /dashboard by middleware's isLandingRoute() check before this page renders.","Before J-01, warm TTFB was 1375ms / FCP 1672ms because one cookie read made the whole route dynamic - the warm paint was slower than the cold one."
"B - Unauth surface","Public page 2: /hi (Hindi landing, rewrite target)","C:\ct\projexa\src\app\hi\page.tsx","Hindi-locale visitor requests / (middleware REWRITES, never redirects)","force-static, revalidate 3600. Wraps <LandingPage locale=""hi""/> in MarketingLocaleProvider. generateMetadata() pulls title/description from Marketing.hero in messages/hi.json.","A logged-in visitor reaching /hi directly is redirected to /dashboard first (isLandingRoute covers it).","Exists only because a statically cached document cannot vary by cookie. The first cut of J-01 'silently retired a COMPLETE shipped Hindi translation' by serving English to everyone."
"B - Unauth surface","Public page 3: /how-it-works (English)","C:\ct\projexa\src\app\how-it-works\page.tsx","Any visitor, authenticated or not","force-static, revalidate 3600. Renders <HowItWorksContent locale=""en""/>. Exports metadata with a fixed title/description. Explicitly NOT redirect-gated by auth state, unlike /.","N/A","None found."
"B - Unauth surface","Public page 4: /hi/how-it-works (Hindi, rewrite target)","C:\ct\projexa\src\app\hi\how-it-works\page.tsx","Hindi visitor requests /how-it-works","force-static, revalidate 3600. MarketingLocaleProvider + HowItWorksContent locale='hi'. generateMetadata() from Marketing.howItWorks.hero.","N/A","None found."
"B - Unauth surface","Public page 5: /login","C:\ct\projexa\src\app\login\page.tsx","Visitor signs in","'use client'. supabase.auth.signInWithPassword({email,password}). On success, checks memberships; runs the deferred-provisioning resume; then router.push('/dashboard') + router.refresh().","loginError || !data.session -> inline setError(loginError?.message ?? t('genericError')).","CONFIRMED DEFECT: this page never reads the `redirectTo` query param. grep for 'redirectTo' in login/page.tsx and signup/page.tsx returns NOTHING. Both middleware (url.searchParams.set('redirectTo', ...)) and the invite page send users here with redirectTo - and all of them are dumped on /dashboard instead, losing their destination."
"B - Unauth surface","Public page 5a: /login has no account-recovery affordance","C:\ct\projexa\src\app\login\page.tsx","Visitor cannot remember their password","The form renders exactly two fields (email, password), one submit button, and one link: 'no account? /signup'. There is no 'forgot password' link, no magic-link option, and no passwordless alternative.","N/A - the affordance does not exist.","See PART C. Password is the ONLY authentication method offered by this page and there is no recovery from it."
"B - Unauth surface","Public page 6: /signup","C:\ct\projexa\src\app\signup\page.tsx","Visitor creates an account","'use client'. Three fields: orgName (required), email (required), password (required, minLength 6). Always creates a NEW organization via /api/org/provision.","signUpError shown inline; provision failure shown inline via body.error.","Signup is hardwired to 'found a new company'. There is NO 'join an existing organisation' path here. An invited person with no account cannot register through /signup without first provisioning a redundant org of their own."
"B - Unauth surface","Public page 7: /auth/callback (the only credential-consuming route)","C:\ct\projexa\src\app\auth\callback\page.tsx","Any emailed Supabase auth link: signup confirmation, magic link, or password recovery","Client-side by design. Parses the URL FRAGMENT (#access_token/#refresh_token -> setSession), ?code (-> exchangeCodeForSession), or ?token_hash+?type (-> verifyOtp for magiclink|signup|recovery|invite|email_change|email). Then getSession() to confirm the cookie is durable before navigating.","No credential present -> 'This sign-in link is missing its credential. Request a new one.' Supabase error_description surfaced verbatim. Session not persisted -> 'Signed in, but the session did not persist. Check that cookies are enabled.'","R47_AUTH_REDIRECT_01: PROJEXA had NO auth callback route at all until 2026-08-25, so 'a real user could not confirm an email address or complete a password reset AT ALL' - invisible because every automated test since R33 mints tokens directly and 'has never once followed an emailed link'."
"B - Unauth surface","Public page 7a: auth/callback open-redirect guard","C:\ct\projexa\src\app\auth\callback\page.tsx","Link carries ?redirectTo= or ?next=","router.replace(target.startsWith('/') && !target.startsWith('//') ? target : '/dashboard') - same-origin paths only.","A crafted absolute or protocol-relative URL falls back to /dashboard.","This route DOES honour redirectTo; /login does not. The two entry points behave inconsistently."
"B - Unauth surface","Public page 7b: cookie-writing rule","C:\ct\projexa\src\app\auth\callback\page.tsx","Session establishment","MUST use createBrowserClient()'s own @supabase/ssr cookie encoder (base64url + 3180-byte chunking). In-file: hand-writing those cookies produces the '[middleware] getClaims() threw: Expected "","" or ""}"" after property value in JSON' error group.","Malformed chunked cookie -> middleware getClaims() throws -> caught and degraded to 'logged out for this one request'.","Documented landmine for anyone adding a second session-writing path."
"B - Unauth surface","Public page 8: /invite/[token] (redemption UI)","C:\ct\projexa\src\app\invite\[token]\page.tsx","Invitee opens the invite link","'use client'. Checks getSession(), then GETs /api/org/invites/preview?token=. Renders 'Join <org> as <role>'. ROLE_LABEL maps owner|admin|pm|site_engineer|member|client_viewer to display names. Signed in -> 'Join' button POSTs /api/org/invites/accept. Not signed in -> button to /login?redirectTo=/invite/<token>.","Preview !res.ok -> shows the server's message or 'This invitation link is not valid.' is_open false -> 'This invitation is no longer open. It has been used, revoked, or has expired.'","BROKEN LOOP: the 'Sign in to accept' button sends the user to /login?redirectTo=/invite/<token>, but login/page.tsx ignores redirectTo and pushes /dashboard. The invitee never returns to the invite and must find the original link again."
"B - Unauth surface","Public page 8a: invitee with no account has no path","C:\ct\projexa\src\app\invite\[token]\page.tsx","Invited person has never used PROJEXA","The page offers only 'Sign in to accept'. There is no 'create an account to accept' branch.","The invitee goes to /signup, which forces them to name a company and provisions a whole new org + VERIDIAN tenant for them.","MAJOR ONBOARDING GAP: accept_org_invite() requires a public.profiles row whose email matches the invite. A brand-new invitee must first self-signup (creating a junk org and a real, billed VERIDIAN tenant), then locate the invite link again, then accept - ending up with two memberships."
"B - Unauth surface","Public page 9: /share/report/[token]","C:\ct\projexa\src\app\share\report\[token]\page.tsx","Anyone with the token URL, no credentials of any kind","Server Component. Plain unauthenticated fetch to `${VERIDIAN_ORIGIN}/api/reports/share/${token}` - deliberately NOT callVeridian/callVeridianRaw, which would resolve an API key first. Renders work_progress or project_status reports. Money formatted with NO currency code (no session -> no org currency, and 'a currency is never guessed').","!res.ok or unrecognised reportType -> notFound().","AR-10 'render, never authorise': no sidebar, no nav, no link back into the product. The token is a pure bearer credential - anyone holding the URL sees BOQ lines, budgets, vendor names and vendor amounts. Expiry is enforced upstream in VERIDIAN, not here."
"B - Unauth surface","Public page 10: /share/attendance/[token]","C:\ct\projexa\src\app\share\attendance\[token]\page.tsx","Anyone with the token URL","Same shape and same rules as /share/report. Hits the SAME upstream endpoint /api/reports/share/[token] and explicitly rejects a payload whose reportType !== 'attendance_summary' so a work-progress token cannot be half-rendered here. Renders 'Shared, read-only -- expires automatically'. Uses formatNumber() to pin the locale.","Wrong reportType or !res.ok -> null -> notFound().","Bearer-token exposure of labour/attendance and trade cost data. R67 D-11 note: previously used n.toLocaleString(undefined,...) which changes the grouping separator under hydration (1,234.50 vs 1.234,50)."
"B - Unauth surface","Public page 11: /shared/mom/[token]","C:\ct\projexa\src\app\shared\mom\[token]\page.tsx","Recipient of a WhatsApp meeting-minutes link","Plain unauthenticated fetch to `${VERIDIAN_ORIGIN}/api/veri-meetings/share/${token}`, wrapped in try/catch. Renders title, type, status, scheduledAt, projectName, attendees, agenda, minutes, aiSummary, aiKeyDecisions, actionItems and expiresAt. Dates pinned to en-GB / UTC.","Any failure -> null -> renders an explicit 'expired' sentence rather than Next's notFound(), because 'expired is a thing the reader can act on and a bare 404 is not'.","Note the path: '/shared/' does NOT match the '/share/' prefix, so page-access.ts needs its own separate entry 'or the page fails closed and redirects the recipient of a WhatsApp link to a login screen'. Exposes full meeting minutes, AI summaries and decisions to any URL holder."
"B - Unauth surface","Invite lifecycle 1: CREATE - POST /api/org/invites","C:\ct\projexa\src\app\api\org\invites\route.ts","Org owner/admin invites a colleague","requireAuth() + requireRole(ORG_ADMIN). Validates email (regex) and role against ALL_ORG_ROLES with field-naming messages (UAT C04). Rejects an existing member (409). Token = two crypto.randomUUID()s concatenated, dashes stripped (64 hex chars). expires_at = now + 14 days.","Missing email -> 400 'Email is required to send an invitation.' Bad email -> 400 naming the value. Bad role -> 400 listing valid roles. Duplicate live invite -> Postgres 23505 -> 409 'There is already a pending invitation for X. Revoke it first.'","NO EMAIL IS EVER SENT. grep for resend/sendMail/nodemailer/inviteUserByEmail/sendEmail/mailto across src/app/api/org/ returns nothing. The migration states why: 'this repo has no service-role Supabase client ... auth.admin.inviteUserByEmail() is not reachable without introducing a new privileged credential.'"
"B - Unauth surface","Invite lifecycle 1a: LINK DELIVERY is manual","C:\ct\projexa\src\components\OrgInvitesCard.tsx","Admin creates an invite in Settings","inviteUrl(token) = `${window.location.origin}/invite/${token}`. On create it attempts navigator.clipboard.writeText() and toasts 'link copied to your clipboard'; a 'Copy link' button repeats this per row.","Clipboard blocked -> toast 'Your browser blocked clipboard access -- copy the link from the address bar instead' (which is wrong advice - the invite URL is not in the address bar).","Onboarding a colleague requires the admin to manually paste a 64-char bearer-ish URL into some out-of-band channel. There is no resend, no delivery confirmation, and no record that the link ever reached the invitee."
"B - Unauth surface","Invite lifecycle 2: LIST - GET /api/org/invites","C:\ct\projexa\src\app\api\org\invites\route.ts","Admin opens the invites card","requireAuth + requireRole(ORG_ADMIN). Selects id, email, role, token, created_at, expires_at, accepted_at, revoked_at for ctx.organizationId, ordered created_at desc.","Supabase error -> 500 with error.message.","This endpoint returns the raw TOKEN for every pending invite to any org admin. Necessary for the Copy-link UI, but it means the invite token is a shared secret across the whole admin group, and it lands in browser memory and any HTTP log that captures response bodies."
"B - Unauth surface","Invite lifecycle 3: PREVIEW - GET /api/org/invites/preview","C:\ct\projexa\src\app\api\org\invites\preview\route.ts","Invite page loads, possibly unauthenticated","No auth guard at all. Calls supabase.rpc('org_invite_preview',{p_token}). Returns only {organization_name, role, expires_at, is_open}.","No token -> 400 'An invitation token is required.' No row -> 404 'This invitation link is not valid.' RPC error -> 500.","The SQL function is granted to `authenticated, anon`. Anyone who guesses or replays a token learns the organisation's NAME and the offered ROLE without signing in. Mitigated only by the 256-bit token."
"B - Unauth surface","Invite lifecycle 4: ACCEPT - POST /api/org/invites/accept","C:\ct\projexa\src\app\api\org\invites\accept\route.ts","Signed-in invitee clicks Join","Deliberately NOT behind requireAuth(), because requireAuth() answers 400 'No organization' for exactly this user. Verifies the session itself via getClaimsWithRetry(), then delegates every authorisation decision to supabase.rpc('accept_org_invite',{p_token}).","No session -> 401 'You must be signed in to accept an invitation.' No token -> 400. RPC error code P0002 -> 404, everything else -> 400, with the function's own message surfaced verbatim (UAT C19 ERROR_TRUTHFUL).","Returns {organizationId} but the client ignores it and hard-navigates to /dashboard."
"B - Unauth surface","Invite lifecycle 4a: accept_org_invite() SQL - the real boundary","C:\ct\projexa\drizzle\0015_org_invites.sql","RPC invoked by the accept route","SECURITY DEFINER, search_path=public, granted to `authenticated` only. Checks in order: auth.uid() not null (28000); token found (P0002); not revoked; not accepted; not expired; and lower(profiles.email) = lower(invite.email). Then INSERTs the membership ON CONFLICT DO NOTHING, stamps accepted_at/accepted_by, and writes a security_audit_log row 'org_invite.accepted'.","Each branch RAISEs a distinct human-readable message: 'This invitation has been revoked.' / 'has already been used.' / 'has expired. Ask an administrator for a new one.' / 'was issued to a different email address.'","SECURITY_DEFINER is required because the invitee is by definition not a member and no RLS policy could let them read the invite or insert their own membership. The email binding means 'a leaked link therefore grants nothing to a third party; it is a convenience for delivery, not a bearer credential'."
"B - Unauth surface","Invite lifecycle 5: REVOKE - DELETE /api/org/invites/[id]","C:\ct\projexa\src\app\api\org\invites\[id]\route.ts","Admin withdraws a pending invitation","requireAuth + requireRole(ORG_ADMIN). SOFT revoke: UPDATE org_invites SET revoked_at=now() WHERE id=$1 AND organization_id=ctx.organizationId AND accepted_at IS NULL AND revoked_at IS NULL.","No matching row -> 404 'That invitation no longer exists, or has already been used or revoked.' Supabase error -> 500.","Deliberately a flag not a DELETE (UAT C11, SAP LOEKZ convention) so the audit question 'who invited whom, and that it was withdrawn' survives. An ALREADY-ACCEPTED invite cannot be revoked here - removing a member is a different, unlocated surface."
"B - Unauth surface","Invite schema: table + constraints","C:\ct\projexa\drizzle\0015_org_invites.sql","Migration 0015","public.org_invites: id uuid PK, organization_id -> organizations ON DELETE CASCADE, email text, role text default 'member', token text UNIQUE, invited_by -> profiles ON DELETE SET NULL, created_at, expires_at default now()+14 days, accepted_at, accepted_by, revoked_at. CHECK role IN (owner, admin, pm, site_engineer, member, client_viewer). Index on (organization_id, created_at desc).","23505 on the partial unique index org_invites_one_pending_per_email (organization_id, lower(email)) WHERE accepted_at IS NULL AND revoked_at IS NULL.","At most ONE live invite per (org,email) 'so a revoked invite can never be resurrected by issuing a second link'. Note an invite can grant role 'owner' - an admin can therefore escalate someone above themselves via invite."
"B - Unauth surface","Invite schema: RLS policies","C:\ct\projexa\drizzle\0015_org_invites.sql","Any session-level access to org_invites","RLS enabled. Three policies (select / insert / update) all requiring an EXISTS on memberships where user_id=auth.uid() AND role IN ('owner','admin'). No DELETE policy.","N/A","Defence in depth alongside requireRole. In-file: 'UAT criterion C17 is explicit that a client-only guard is a FAIL -- the Settings UI''s admin check is a UX affordance only; these two layers are the actual boundary.'"
"B - Unauth surface","Why invites exist at all (the pre-2026-08-25 state)","C:\ct\projexa\drizzle\0015_org_invites.sql","R48_NO_INVITE_UI_01, found 2026-08-25","In-file: 'PROJEXA had NO user-provisioning surface of any kind. SettingsClient.tsx was 143 lines with exactly one button (Sign Out); there is no src/app/api/users route in this app at all. The only way a second person ever joined an org was /api/org/provision, which creates a BRAND NEW org for whoever calls it.'","N/A","Historical context a new engineer needs: multi-user orgs are a very recent capability. Ruled at L5 on SAP/Dynamics 365/Odoo precedent."
"B - Unauth surface","Marketing component: LandingPage.tsx (composition root)","C:\ct\projexa\src\components\marketing\LandingPage.tsx","Rendered by both / (en) and /hi (hi)","Composes MarketingHeader, Hero, ProblemSection, SolutionSection, ModuleCatalogSection, CopilotSpotlight, ValueSection, ROISection, SelfCoordinationSection, FinalCTA (sourcePage='home'), MarketingFooter. Sets lang={locale} on the wrapper div.","N/A","Locale is threaded EXPLICITLY as a prop, never resolved from the request - ambient resolution cannot work under force-static. Subtree lang is used because the root layout's single <html lang> cannot vary per prerendered route."
"B - Unauth surface","Marketing component: MarketingHeader.tsx","C:\ct\projexa\src\components\marketing\MarketingHeader.tsx","Top of every marketing page","'use client'. useTranslations('Marketing.header'). Logo links to /. Nav links via linkHref(link). One auth CTA: <Link href=""/login"">.","N/A","The site header offers LOGIN ONLY. There is no 'Sign up' or 'Get started' button in the header of either landing page."
"B - Unauth surface","Marketing component: Hero.tsx","C:\ct\projexa\src\components\marketing\Hero.tsx","Above the fold on / and /hi","164 lines, async server component, getTranslations namespace 'Marketing.hero'. Primary CTA (saffron fill, navy text) -> href=""#contact"". Secondary CTA -> /how-it-works. Also an anchor to #pays-for-itself. Renders a dashboard preview mockup.","N/A","The primary above-the-fold CTA is a contact form, NOT signup. R67 WS-G/C-13 note: navy-on-saffron chosen for 5.55:1 contrast rather than changing the brand fill."
"B - Unauth surface","Marketing component: FinalCTA.tsx","C:\ct\projexa\src\components\marketing\FinalCTA.tsx","Bottom of / and /how-it-works","Renders <ContactForm sourcePage={sourcePage}/> plus one outline button -> <Link href=""/login"">.","N/A","The closing conversion moment offers contact-us or login. It does NOT offer signup."
"B - Unauth surface","Marketing component: MarketingFooter.tsx","C:\ct\projexa\src\components\marketing\MarketingFooter.tsx","Foot of every marketing page","25 lines. getTranslations 'Marketing.footer'. Links to /login and to /signup.","N/A","CONFIRMED: grep for 'signup' across src/components/marketing returns EXACTLY ONE hit - this file, line 19. The only self-serve route into the product from the entire marketing surface is a footer link."
"B - Unauth surface","Marketing component: ContactForm.tsx","C:\ct\projexa\src\components\marketing\ContactForm.tsx","Visitor submits 'Talk to an Engineer'","'use client'. Requires name and email (trimmed); company and message optional. POSTs /api/contact -> src/lib/services/contact-service.ts -> contact_requests table (drizzle/0010). Success swaps the form for a confirmation panel; errors toast via sonner.","!res.ok || !data.ok -> throws -> toast.error with the server message or t('errorGeneric').","In-file: 'no email/Resend infra exists here to send a confirmation, so this deliberately doesn''t claim to send one.' A submitted lead lands in a DB table that nothing notifies anyone about. Since Hero and FinalCTA both point HERE rather than at /signup, the main funnel terminates in an unmonitored table."
"B - Unauth surface","Marketing component: ProblemSection.tsx","C:\ct\projexa\src\components\marketing\ProblemSection.tsx","Landing page section 2","45 lines, async server component, getTranslations namespace 'Marketing.problem'.","N/A","Copy-only; no CTA."
"B - Unauth surface","Marketing component: SolutionSection.tsx","C:\ct\projexa\src\components\marketing\SolutionSection.tsx","Landing page section 3","69 lines, async server component, namespace 'Marketing.solution'.","N/A","Copy-only; no CTA."
"B - Unauth surface","Marketing component: ModuleCatalogSection.tsx","C:\ct\projexa\src\components\marketing\ModuleCatalogSection.tsx","Landing page section 4","145 lines, async server component. Uses TWO namespaces: 'Marketing.moduleCatalog' and 'Marketing.system'.","N/A","Largest marketing component. Module claims are static translation strings, not derived from the live module registry - they can drift from what an org is actually entitled to."
"B - Unauth surface","Marketing component: CopilotSpotlight.tsx","C:\ct\projexa\src\components\marketing\CopilotSpotlight.tsx","Landing page section 5","80 lines, async server component, namespace 'Marketing.copilot'.","N/A","Copy-only; no CTA."
"B - Unauth surface","Marketing component: ValueSection.tsx","C:\ct\projexa\src\components\marketing\ValueSection.tsx","Landing page section 6","33 lines, async server component, namespace 'Marketing.value'.","N/A","Copy-only; no CTA."
"B - Unauth surface","Marketing component: ROISection.tsx","C:\ct\projexa\src\components\marketing\ROISection.tsx","Landing page section 7 (anchor target #pays-for-itself)","56 lines, async server component, namespace 'Marketing.roi'.","N/A","ROI figures are translation strings, not computed. UNKNOWN what evidence backs them."
"B - Unauth surface","Marketing component: SelfCoordinationSection.tsx","C:\ct\projexa\src\components\marketing\SelfCoordinationSection.tsx","Landing page section 8","57 lines, async server component, namespace 'Marketing.selfCoordination'.","N/A","Copy-only; no CTA."
"B - Unauth surface","Marketing component: Reveal.tsx","C:\ct\projexa\src\components\marketing\Reveal.tsx","Wraps marketing sections for scroll animation","100 lines, 'use client'. Takes a delay prop (e.g. delay={100} in FinalCTA).","UNKNOWN whether it degrades gracefully with JS disabled or prefers-reduced-motion.","If the reveal never fires, wrapped content may stay invisible - would silently hide the ContactForm in FinalCTA, which is inside a Reveal."
"B - Unauth surface","Marketing component: Reveal.test.tsx","C:\ct\projexa\src\components\marketing\Reveal.test.tsx","Test run","Unit test for Reveal.tsx.","N/A","One of only two test files in the marketing tree; the 14 copy/section components have no tests."
"B - Unauth surface","Marketing component: MarketingLocaleProvider.tsx","C:\ct\projexa\src\components\marketing\MarketingLocaleProvider.tsx","Wraps the Hindi documents only (/hi and /hi/how-it-works)","36 lines, async server component. Supplies the locale to client children that cannot resolve it ambiently under force-static.","N/A","Only the Hindi routes use it; the English routes render LandingPage/HowItWorksContent directly. Asymmetry a new engineer must notice when adding a third locale."
"B - Unauth surface","Marketing component: marketing-locale.ts","C:\ct\projexa\src\components\marketing\marketing-locale.ts","Imported by every marketing section","25 lines. Defines the MarketingLocaleProps type that threads `locale` explicitly through the tree.","N/A","This type is the mechanism enforcing 'no ambient locale resolution'. Adding a section that calls useTranslations() without the prop reintroduces the dynamic-rendering regression R-246 fixed."
"B - Unauth surface","Marketing component: marketing-locale.test.ts","C:\ct\projexa\src\components\marketing\marketing-locale.test.ts","Test run","Unit test for marketing-locale.ts.","N/A","None found."
"B - Unauth surface","Marketing component: how-it-works/HowItWorksContent.tsx","C:\ct\projexa\src\components\marketing\how-it-works\HowItWorksContent.tsx","Rendered by /how-it-works and /hi/how-it-works","Composition root for the how-it-works page: MarketingHeader, HowItWorksHero, ArchitectureDiagram, ChangeOrderTrace, (FactsRow), FinalCTA, MarketingFooter.","N/A","None found."
"B - Unauth surface","Marketing component: how-it-works/HowItWorksHero.tsx","C:\ct\projexa\src\components\marketing\how-it-works\HowItWorksHero.tsx","Top of /how-it-works","async server component, getTranslations namespace 'Marketing.howItWorks.hero'. Renders a bg-px-ink section.","N/A","None found."
"B - Unauth surface","Marketing component: how-it-works/ArchitectureDiagram.tsx","C:\ct\projexa\src\components\marketing\how-it-works\ArchitectureDiagram.tsx","How-it-works page section","async server component using lucide-react icons, getTranslations, and Reveal.","N/A","The publicly published architecture claim is a hand-maintained diagram; it can drift from the real VERIDIAN/PROJEXA topology without any test catching it."
"B - Unauth surface","Marketing component: how-it-works/ChangeOrderTrace.tsx","C:\ct\projexa\src\components\marketing\how-it-works\ChangeOrderTrace.tsx","How-it-works page section","STEP_KEYS = ['step1'..'step5']. In-file: 'The real traced example: verified against src/app/api/change-orders/[id]/signature-status/route.ts'.","N/A","The verification is a comment, not a test. If that route changes, the public five-step claim silently becomes false."
"B - Unauth surface","Marketing component: how-it-works/FactsRow.tsx","C:\ct\projexa\src\components\marketing\how-it-works\FactsRow.tsx","How-it-works page section","FACT_KEYS = ['fact1','fact2','fact3']; async server component, namespace 'Marketing.howItWorks.facts'.","N/A","Three public factual claims sourced from translation files with no provenance link."
"C - Password reset GAP","STATED GAP: PROJEXA has no password reset of any kind","C:\ct\projexa\src (whole tree)","Verified by command, not inference","Ran `grep -rn ""resetPasswordForEmail|forgot-password|reset-password"" src/` inside C:\ct\projexa. Result: ZERO matching lines (exit 0, no output). A widened grep across .ts/.tsx/.sql/.md excluding node_modules/.next also returned nothing.","N/A - the capability does not exist.","CONFIRMED OPERATIONAL GAP. PROJEXA has no forgot-password page, no reset-password page, no reset API route, and no call to supabase.auth.resetPasswordForEmail() anywhere."
"C - Password reset GAP","The login page offers no recovery affordance","C:\ct\projexa\src\app\login\page.tsx","Customer forgets their password","The form is email + password + submit, plus a single 'no account? /signup' link. signInWithPassword is the ONLY auth method. No magic link, no OTP, no SSO, no 'forgot password'.","loginError is rendered verbatim (typically 'Invalid login credentials') with no next step offered.","A locked-out customer is shown an error and given nowhere to go. This is the terminal state of the gap."
"C - Password reset GAP","CORRECTION to the wave-2 premise: the backend does NOT have a reset flow either","C:\ct\ct\src\app\forgot-password\page.tsx","Visitor hits /forgot-password on the VERIDIAN backend app","The ENTIRE file is 19 lines and its body is `redirect(""/login?reason=forgot-password"")`. Its own comment states: 'the login form offers no password-reset entry point (this app has no password-reset flow at all -- only Google/magic-link/passcode/SSO, see login-form.tsx)'.","N/A","The task brief said 'the backend has one'. It does not. Verified: `grep -rn ""resetPasswordForEmail"" src/` in C:\ct\ct returns ZERO lines. This page is the redirect option from audit point P8-CB-10 / P1-OBS-003, chosen explicitly so that 'no new password-reset mechanism [was] invented'."
"C - Password reset GAP","Why the backend redirect is nonetheless survivable there, and not in PROJEXA","C:\ct\ct\src\app\login\login-form.tsx","Backend user arrives at /login?reason=forgot-password","login-form.tsx line 35 reads searchParams.get('reason')==='forgot-password' and surfaces an inline prompt pointing at the existing 'Send magic link instead' option.","N/A","The backend has alternative authentication factors (Google, magic link, passcode, SSO) that make password recovery unnecessary. PROJEXA has NONE of them - password is its only factor - so the same 'we deliberately built no reset' posture leaves PROJEXA customers with zero recovery, not an alternative route."
"C - Password reset GAP","The only related artifact: rotate-demo-password-r38 edge function","C:\ct\projexa\supabase\functions\rotate-demo-password-r38\index.ts","Operator manually invokes the deployed Supabase Edge Function with ?secret=&userId=","Deno.serve handler. Generates 24 random bytes -> password 'R38-<48 hex chars>' entirely inside the function, calls admin.auth.admin.updateUserById(userId,{password:newPassword}) with the injected SUPABASE_SERVICE_ROLE_KEY, then inserts a security_audit_log row {event:'demo_password_rotated', target_user_id, target_email, actor:'rotate-demo-password-r38', metadata:{trigger:'manual_invoke'}}.","secret mismatch -> 401 {error:'unauthorized'}. Missing userId -> 400. updateUserById error -> 500 {error, step:'updateUserById'}. Audit insert failure -> returns auditLogged:false but does NOT unwind the rotation.","NOT A RECOVERY PATH. It is R38 Q1 demo-credential hygiene: the new password 'never leaves this function' and is 'never returned, never logged' - so the user whose password was just rotated has no way to learn it. It cannot restore access to anyone."
"C - Password reset GAP","Security risk in the only password-adjacent tool","C:\ct\projexa\supabase\functions\rotate-demo-password-r38\index.ts","Anyone who can reach the deployed function URL","Authentication is a single hardcoded query-string literal: `if (secret !== ""r38-rotate-2026"")`. The secret is committed to the repo in plaintext and travels in the URL.","No rate limit, no allowlist, no expiry on the secret, no rotation of the secret itself.","HIGH: a shared static secret in git and in a URL (therefore in access logs, proxy logs and Referer headers) gates a service-role function that can overwrite ANY user's password by userId. It can be used to lock a real user out, not to let one in."
"C - Password reset GAP","Compound failure: locked-out owner cannot repair a broken workspace","C:\ct\projexa\src\app\api\org\repair\route.ts","Sole owner of a half-provisioned org forgets their password","POST /api/org/repair requires requireAuth() AND requireRole(ctx, ROLE_GROUPS.ORG_ADMIN) - so a signed-in owner or admin is mandatory.","No session -> ctx.response (401). Wrong role -> 403.","Two gaps intersect: the only fix for a half-provisioned org needs an authenticated admin, and there is no way for a locked-out admin to become authenticated. A single-owner org can therefore become permanently unrecoverable without service-role DB access."
"C - Password reset GAP","Documented recovery path today","UNKNOWN","Customer contacts support after losing password access","No documented runbook, support route, or admin tool for customer password recovery was found anywhere in C:\ct\projexa. The user-facing error strings say 'Please contact support.' but no support address, ticket route, or escalation path was located in the codebase.","N/A","STATED OPERATIONAL GAP, as instructed: a locked-out PROJEXA customer has NO documented recovery path. The only mechanisms that exist are (a) a direct Supabase dashboard/service-role intervention by an operator, and (b) the rotate-demo-password-r38 function, which never reveals the password it sets and therefore cannot restore access."
